{"credit":"Made with Blockbench","texture_size":[64,64],"textures":{"0":"hyronic:custom/cosmetics/offhands/wolf_claw"},"elements":[{"from":[5.2,4,9.125],"to":[6.2,4.5,9.875],"rotation":{"angle":0,"axis":"y","origin":[13.2,12,17]},"faces":{"north":{"uv":[10,7,11,8],"texture":"#0"},"east":{"uv":[0,11,1,12],"texture":"#0"},"south":{"uv":[1,11,2,12],"texture":"#0"},"west":{"uv":[2,11,3,12],"texture":"#0"},"up":{"uv":[4,12,3,11],"texture":"#0"},"down":{"uv":[5,11,4,12],"texture":"#0"}}},{"from":[5.45,4.5,9.25],"to":[6.2,5,9.75],"rotation":{"angle":0,"axis":"y","origin":[13.2,13,17]},"faces":{"north":{"uv":[5,11,6,12],"texture":"#0"},"east":{"uv":[6,11,7,12],"texture":"#0"},"south":{"uv":[7,11,8,12],"texture":"#0"},"west":{"uv":[8,11,9,12],"texture":"#0"},"up":{"uv":[10,12,9,11],"texture":"#0"},"down":{"uv":[11,11,10,12],"texture":"#0"}}},{"from":[5.7,5,9.375],"to":[6.45,5.5,9.625],"rotation":{"angle":0,"axis":"y","origin":[13.2,13.5,17]},"faces":{"north":{"uv":[11,11,12,12],"texture":"#0"},"east":{"uv":[11,2,12,3],"texture":"#0"},"south":{"uv":[11,3,12,4],"texture":"#0"},"west":{"uv":[11,4,12,5],"texture":"#0"},"up":{"uv":[12,6,11,5],"texture":"#0"},"down":{"uv":[12,6,11,7],"texture":"#0"}}},{"from":[5.95,5.5,9.5],"to":[6.7,5.75,9.5],"rotation":{"angle":0,"axis":"y","origin":[13.2,14,17]},"faces":{"north":{"uv":[11,7,12,8],"texture":"#0"},"east":{"uv":[0,0,0,1],"texture":"#0"},"south":{"uv":[11,10,12,11],"texture":"#0"},"west":{"uv":[0,0,0,1],"texture":"#0"},"up":{"uv":[1,0,0,0],"texture":"#0"},"down":{"uv":[1,0,0,0],"texture":"#0"}}},{"from":[5.2,4,6.125],"to":[6.2,4.5,6.875],"rotation":{"angle":0,"axis":"y","origin":[13.2,12,14]},"faces":{"north":{"uv":[0,12,1,13],"texture":"#0"},"east":{"uv":[1,12,2,13],"texture":"#0"},"south":{"uv":[2,12,3,13],"texture":"#0"},"west":{"uv":[3,12,4,13],"texture":"#0"},"up":{"uv":[5,13,4,12],"texture":"#0"},"down":{"uv":[6,12,5,13],"texture":"#0"}}},{"from":[5.45,4.5,6.25],"to":[6.2,5,6.75],"rotation":{"angle":0,"axis":"y","origin":[13.2,13,14]},"faces":{"north":{"uv":[6,12,7,13],"texture":"#0"},"east":{"uv":[7,12,8,13],"texture":"#0"},"south":{"uv":[8,12,9,13],"texture":"#0"},"west":{"uv":[9,12,10,13],"texture":"#0"},"up":{"uv":[11,13,10,12],"texture":"#0"},"down":{"uv":[12,12,11,13],"texture":"#0"}}},{"from":[5.7,5,6.375],"to":[6.45,5.5,6.625],"rotation":{"angle":0,"axis":"y","origin":[13.2,13.5,14]},"faces":{"north":{"uv":[12,12,13,13],"texture":"#0"},"east":{"uv":[12,0,13,1],"texture":"#0"},"south":{"uv":[12,1,13,2],"texture":"#0"},"west":{"uv":[12,2,13,3],"texture":"#0"},"up":{"uv":[13,4,12,3],"texture":"#0"},"down":{"uv":[13,4,12,5],"texture":"#0"}}},{"from":[5.95,5.5,6.5],"to":[6.7,5.75,6.5],"rotation":{"angle":0,"axis":"y","origin":[13.2,14,14]},"faces":{"north":{"uv":[12,5,13,6],"texture":"#0"},"east":{"uv":[0,0,0,1],"texture":"#0"},"south":{"uv":[12,6,13,7],"texture":"#0"},"west":{"uv":[0,0,0,1],"texture":"#0"},"up":{"uv":[1,0,0,0],"texture":"#0"},"down":{"uv":[1,0,0,0],"texture":"#0"}}},{"from":[5.2,4,7.125],"to":[6.2,4.5,7.875],"rotation":{"angle":0,"axis":"y","origin":[13.2,12,15]},"faces":{"north":{"uv":[12,7,13,8],"texture":"#0"},"east":{"uv":[12,8,13,9],"texture":"#0"},"south":{"uv":[12,9,13,10],"texture":"#0"},"west":{"uv":[12,10,13,11],"texture":"#0"},"up":{"uv":[13,12,12,11],"texture":"#0"},"down":{"uv":[1,13,0,14],"texture":"#0"}}},{"from":[5.45,4.5,7.25],"to":[6.2,5,7.75],"rotation":{"angle":0,"axis":"y","origin":[13.2,13,15]},"faces":{"north":{"uv":[1,13,2,14],"texture":"#0"},"east":{"uv":[2,13,3,14],"texture":"#0"},"south":{"uv":[3,13,4,14],"texture":"#0"},"west":{"uv":[4,13,5,14],"texture":"#0"},"up":{"uv":[6,14,5,13],"texture":"#0"},"down":{"uv":[7,13,6,14],"texture":"#0"}}},{"from":[5.7,5,7.375],"to":[6.45,5.5,7.625],"rotation":{"angle":0,"axis":"y","origin":[13.2,13.5,15]},"faces":{"north":{"uv":[7,13,8,14],"texture":"#0"},"east":{"uv":[8,13,9,14],"texture":"#0"},"south":{"uv":[9,13,10,14],"texture":"#0"},"west":{"uv":[10,13,11,14],"texture":"#0"},"up":{"uv":[12,14,11,13],"texture":"#0"},"down":{"uv":[13,13,12,14],"texture":"#0"}}},{"from":[5.95,5.5,7.5],"to":[6.7,5.75,7.5],"rotation":{"angle":0,"axis":"y","origin":[13.2,14,15]},"faces":{"north":{"uv":[13,13,14,14],"texture":"#0"},"east":{"uv":[0,0,0,1],"texture":"#0"},"south":{"uv":[13,0,14,1],"texture":"#0"},"west":{"uv":[0,0,0,1],"texture":"#0"},"up":{"uv":[1,0,0,0],"texture":"#0"},"down":{"uv":[1,0,0,0],"texture":"#0"}}},{"from":[5.2,4,8.125],"to":[6.2,4.5,8.875],"rotation":{"angle":0,"axis":"y","origin":[13.2,12,16]},"faces":{"north":{"uv":[13,1,14,2],"texture":"#0"},"east":{"uv":[13,2,14,3],"texture":"#0"},"south":{"uv":[13,3,14,4],"texture":"#0"},"west":{"uv":[13,4,14,5],"texture":"#0"},"up":{"uv":[14,6,13,5],"texture":"#0"},"down":{"uv":[14,6,13,7],"texture":"#0"}}},{"from":[5.45,4.5,8.25],"to":[6.2,5,8.75],"rotation":{"angle":0,"axis":"y","origin":[13.2,13,16]},"faces":{"north":{"uv":[13,7,14,8],"texture":"#0"},"east":{"uv":[13,8,14,9],"texture":"#0"},"south":{"uv":[13,9,14,10],"texture":"#0"},"west":{"uv":[13,10,14,11],"texture":"#0"},"up":{"uv":[14,12,13,11],"texture":"#0"},"down":{"uv":[14,12,13,13],"texture":"#0"}}},{"from":[5.7,5,8.375],"to":[6.45,5.5,8.625],"rotation":{"angle":0,"axis":"y","origin":[13.2,13.5,16]},"faces":{"north":{"uv":[0,14,1,15],"texture":"#0"},"east":{"uv":[1,14,2,15],"texture":"#0"},"south":{"uv":[2,14,3,15],"texture":"#0"},"west":{"uv":[3,14,4,15],"texture":"#0"},"up":{"uv":[5,15,4,14],"texture":"#0"},"down":{"uv":[6,14,5,15],"texture":"#0"}}},{"from":[5.95,5.5,8.5],"to":[6.7,5.75,8.5],"rotation":{"angle":0,"axis":"y","origin":[13.2,14,16]},"faces":{"north":{"uv":[6,14,7,15],"texture":"#0"},"east":{"uv":[0,0,0,1],"texture":"#0"},"south":{"uv":[7,14,8,15],"texture":"#0"},"west":{"uv":[0,0,0,1],"texture":"#0"},"up":{"uv":[1,0,0,0],"texture":"#0"},"down":{"uv":[1,0,0,0],"texture":"#0"}}},{"from":[5,2,6],"to":[6.5,4,10],"rotation":{"angle":0,"axis":"y","origin":[14,8,15]},"faces":{"north":{"uv":[8,2,10,4],"texture":"#0"},"east":{"uv":[4,4,8,6],"texture":"#0"},"south":{"uv":[8,4,10,6],"texture":"#0"},"west":{"uv":[4,0,8,2],"texture":"#0"},"up":{"uv":[6,10,4,6],"texture":"#0"},"down":{"uv":[8,6,6,10],"texture":"#0"}}},{"from":[5,0,6],"to":[9,2,10],"rotation":{"angle":0,"axis":"y","origin":[14,6,15]},"faces":{"north":{"uv":[4,2,8,4],"texture":"#0"},"east":{"uv":[0,8,4,10],"texture":"#0"},"south":{"uv":[8,8,12,10],"texture":"#0"},"west":{"uv":[8,0,12,2],"texture":"#0"},"up":{"uv":[4,4,0,0],"texture":"#0"},"down":{"uv":[4,4,0,8],"texture":"#0"}}}],"display":{"thirdperson_righthand":{"rotation":[-90,-180,0],"translation":[-1,-2,-7],"scale":[1.2,1.2,1.2]},"thirdperson_lefthand":{"rotation":[-90,0,0],"translation":[-1,-2,-7.5],"scale":[1.2,1.2,1.2]},"gui":{"rotation":[24.05,-46.15,-88.09],"translation":[7,-5,0],"scale":[1.8,1.8,1.8]}}}