{"credit":"MadewithBlockbench","texture_size":[64,64],"textures":{"0":"hyronic:custom/cosmetics/backpacks/dino_backpack"},"elements":[{"from":[2.68,5.76,0.78385],"to":[13.32,11.84,7.70385],"rotation":{"angle":0,"axis":"y","origin":[8,7.25,5]},"faces":{"north":{"uv":[8,5.5,10.75,7],"texture":"#0"},"east":{"uv":[3,9,4.75,10.5],"texture":"#0"},"south":{"uv":[5,8,7.75,9.5],"texture":"#0"},"west":{"uv":[9,0,10.75,1.5],"texture":"#0"},"up":{"uv":[10.75,3.75,8,2],"rotation":180,"texture":"#0"},"down":{"uv":[10.75,3.75,8,5.5],"rotation":180,"texture":"#0"}}},{"from":[13.3675,7.24,0.7601],"to":[13.3675,9.52,0.7601],"rotation":{"angle":0,"axis":"y","origin":[8,7.25,5]},"faces":{"north":{"uv":[0,0,0,0.5],"texture":"#0"},"east":{"uv":[0,0,0,0.5],"texture":"#0"},"south":{"uv":[0,0,0,0.5],"texture":"#0"},"west":{"uv":[0,0,0,0.5],"texture":"#0"},"up":{"uv":[0,0,0,0],"rotation":180,"texture":"#0"},"down":{"uv":[0,0,0,0],"rotation":180,"texture":"#0"}}},{"from":[2.68,5.24,0.7601],"to":[13.32,7.52,0.7601],"rotation":{"angle":0,"axis":"y","origin":[8,7.25,5]},"faces":{"north":{"uv":[10.75,2.75,13.5,3.25],"texture":"#0"},"east":{"uv":[0,0,0,0.5],"texture":"#0"},"south":{"uv":[10.75,2.25,13.5,2.75],"texture":"#0"},"west":{"uv":[0,0,0,0.5],"texture":"#0"},"up":{"uv":[2.75,0,0,0],"rotation":180,"texture":"#0"},"down":{"uv":[2.75,0,0,0],"rotation":180,"texture":"#0"}}},{"from":[1.92,6.52,0.02385],"to":[14.08,11.08,8.46385],"rotation":{"angle":0,"axis":"y","origin":[8,7.25,5]},"faces":{"north":{"uv":[7.75,8.25,10.75,9.5],"texture":"#0"},"east":{"uv":[6.75,9.5,8.75,10.75],"texture":"#0"},"south":{"uv":[8,7,11,8.25],"texture":"#0"},"west":{"uv":[4.75,9.5,6.75,10.75],"texture":"#0"},"up":{"uv":[3,8,0,6],"rotation":180,"texture":"#0"},"down":{"uv":[9,0,6,2],"rotation":180,"texture":"#0"}}},{"from":[2.6325,7.24,0.7601],"to":[2.6325,9.52,0.7601],"rotation":{"angle":0,"axis":"y","origin":[8,7.25,5]},"faces":{"north":{"uv":[0,0,0,0.5],"texture":"#0"},"east":{"uv":[0,0,0,0.5],"texture":"#0"},"south":{"uv":[0,0,0,0.5],"texture":"#0"},"west":{"uv":[0,0,0,0.5],"texture":"#0"},"up":{"uv":[0,0,0,0],"rotation":180,"texture":"#0"},"down":{"uv":[0,0,0,0],"rotation":180,"texture":"#0"}}},{"from":[4,0,-2],"to":[12,5,1],"rotation":{"angle":0,"axis":"y","origin":[8,7.25,5]},"faces":{"north":{"uv":[0,10,2,11.25],"texture":"#0"},"east":{"uv":[5.75,10.75,6.5,12],"texture":"#0"},"south":{"uv":[8.75,9.5,10.75,10.75],"texture":"#0"},"west":{"uv":[5,10.75,5.75,12],"texture":"#0"},"up":{"uv":[8,5.75,6,5],"rotation":180,"texture":"#0"},"down":{"uv":[12.75,1.5,10.75,2.25],"rotation":180,"texture":"#0"}}},{"from":[2,-1,1],"to":[14,11,9],"rotation":{"angle":0,"axis":"y","origin":[8,7.25,5]},"faces":{"north":{"uv":[0,3,3,6],"texture":"#0"},"east":{"uv":[3,6,5,9],"texture":"#0"},"south":{"uv":[0,0,3,3],"texture":"#0"},"west":{"uv":[6,2,8,5],"texture":"#0"},"up":{"uv":[8,8,5,6],"rotation":180,"texture":"#0"},"down":{"uv":[3,8,0,10],"rotation":180,"texture":"#0"}}},{"from":[14,5.26992,0.05546],"to":[15,8.26992,6.05546],"rotation":{"angle":-45,"axis":"x","origin":[8,7.25,5]},"faces":{"north":{"uv":[8,10.75,7.75,11.5],"texture":"#0"},"east":{"uv":[10.75,3.25,11.5,4.75],"rotation":270,"texture":"#0"},"south":{"uv":[7.75,11.5,7.5,10.75],"rotation":180,"texture":"#0"},"west":{"uv":[3.5,10.5,4.25,12],"rotation":90,"texture":"#0"},"up":{"uv":[6.75,10.75,7,12.25],"rotation":180,"texture":"#0"},"down":{"uv":[6.5,10.75,6.75,12.25],"texture":"#0"}}},{"from":[1,5.26992,0.05546],"to":[2,8.26992,6.05546],"rotation":{"angle":-45,"axis":"x","origin":[8,7.25,5]},"faces":{"north":{"uv":[8.5,10.75,8.25,11.5],"texture":"#0"},"east":{"uv":[10.75,4.75,11.5,6.25],"rotation":270,"texture":"#0"},"south":{"uv":[8.25,11.5,8,10.75],"rotation":180,"texture":"#0"},"west":{"uv":[4.25,10.75,5,12.25],"rotation":90,"texture":"#0"},"up":{"uv":[7.25,10.75,7.5,12.25],"rotation":180,"texture":"#0"},"down":{"uv":[7,10.75,7.25,12.25],"texture":"#0"}}},{"from":[6,11,8],"to":[10,13,9],"rotation":{"angle":0,"axis":"y","origin":[8,7.25,5]},"faces":{"north":{"uv":[10.75,6.25,11.75,6.75],"texture":"#0"},"east":{"uv":[10,1.5,10.25,2],"texture":"#0"},"south":{"uv":[9,1.5,10,2],"texture":"#0"},"west":{"uv":[4.75,9,5,9.5],"texture":"#0"},"up":{"uv":[7,6,6,5.75],"rotation":180,"texture":"#0"},"down":{"uv":[8,5.75,7,6],"rotation":180,"texture":"#0"}}},{"from":[2,-1,9],"to":[14,11,12],"rotation":{"angle":0,"axis":"y","origin":[8,7.25,5]},"faces":{"north":{"uv":[3,3,6,6],"texture":"#0"},"east":{"uv":[2.75,10.5,3.5,13.5],"texture":"#0"},"south":{"uv":[3,0,6,3],"texture":"#0"},"west":{"uv":[2,10,2.75,13],"texture":"#0"},"up":{"uv":[13.75,0.75,10.75,0],"rotation":180,"texture":"#0"},"down":{"uv":[13.75,0.75,10.75,1.5],"rotation":180,"texture":"#0"}}},{"from":[7.5,11,3],"to":[8.5,13,5],"rotation":{"angle":0,"axis":"y","origin":[1.5,0,0]},"faces":{"north":{"uv":[15.5,15.5,16,16],"texture":"#0"},"east":{"uv":[15.5,15.5,16,16],"texture":"#0"},"south":{"uv":[15.5,15.5,16,16],"texture":"#0"},"west":{"uv":[15.5,15.5,16,16],"texture":"#0"},"up":{"uv":[15.5,15.5,16,16],"texture":"#0"},"down":{"uv":[0,0,0.25,0.5],"texture":"#0"}}},{"from":[7.5,11,6],"to":[8.5,13,8],"rotation":{"angle":0,"axis":"y","origin":[1.5,0,0]},"faces":{"north":{"uv":[15.5,15.5,16,16],"texture":"#0"},"east":{"uv":[15.5,15.5,16,16],"texture":"#0"},"south":{"uv":[15.5,15.5,16,16],"texture":"#0"},"west":{"uv":[15.5,15.5,16,16],"texture":"#0"},"up":{"uv":[15.5,15.5,16,16],"texture":"#0"},"down":{"uv":[0,0,0.25,0.5],"texture":"#0"}}}],"display":{"thirdperson_righthand":{"rotation":[0,1,0],"translation":[0,1.5,0],"scale":[0.37891,0.37891,0.37891]},"thirdperson_lefthand":{"rotation":[-110.82,0,179.99],"translation":[-6.25,-4,10.25],"scale":[1.00391,1.00391,1.00391]},"firstperson_righthand":{"rotation":[0,13,0],"scale":[0.61524,0.61524,0.61524]},"firstperson_lefthand":{"rotation":[0,-180,0],"translation":[-80,0,0],"scale":[0.61524,0.61524,0.61524]},"ground":{"translation":[0,6.25,0],"scale":[0.79297,0.79297,0.79297]},"gui":{"rotation":[-162.5,36.25,-180],"translation":[0.75,1.75,0],"scale":[0.7,0.7,0.7]},"head":{"rotation":[0,180,0],"translation":[0,-45.75,2.75],"scale":[1.51172,1.51172,1.51172]},"fixed":{"translation":[0,-2.25,-13.25]}}}