{"credit":"Made with Blockbench","texture_size":[64,64],"textures":{"0":"hyronic:custom/cosmetics/backpacks/wolf_tail"},"elements":[{"from":[5.05,0,4],"to":[9.95,3.9,14],"rotation":{"angle":0,"axis":"y","origin":[15,9,6]},"faces":{"north":{"uv":[7.25,0,8.5,1],"texture":"#0"},"east":{"uv":[5.25,4.25,7.75,5.25],"texture":"#0"},"south":{"uv":[7.25,1,8.5,2],"texture":"#0"},"west":{"uv":[1.25,6.25,3.75,7.25],"texture":"#0"},"up":{"uv":[4.75,2.5,3.5,0],"texture":"#0"},"down":{"uv":[3,3.75,1.75,6.25],"texture":"#0"}}},{"from":[5,-7.14214,-0.14214],"to":[10,-2.14214,9.85786],"rotation":{"angle":22.5,"axis":"x","origin":[24,10,24]},"faces":{"north":{"uv":[3.75,5.5,5,6.75],"texture":"#0"},"east":{"uv":[4.75,0,7.25,1.25],"texture":"#0"},"south":{"uv":[0,6.5,1.25,7.75],"texture":"#0"},"west":{"uv":[4.75,1.25,7.25,2.5],"texture":"#0"},"up":{"uv":[1.25,6.5,0,4],"texture":"#0"},"down":{"uv":[6.5,5.25,5.25,7.75],"texture":"#0"}}},{"from":[4,12.07107,-5],"to":[11,20.07107,2],"rotation":{"angle":-22.5,"axis":"x","origin":[26,8.41421,17.41421]},"faces":{"north":{"uv":[0,0,1.75,2],"texture":"#0"},"east":{"uv":[1.75,1.75,3.5,3.75],"texture":"#0"},"south":{"uv":[0,2,1.75,4],"texture":"#0"},"west":{"uv":[3.5,3.5,5.25,5.5],"texture":"#0"},"up":{"uv":[3.5,1.75,1.75,0],"texture":"#0"},"down":{"uv":[7,2.5,5.25,4.25],"texture":"#0"}}},{"from":[10.999,19.92091,-7.7549],"to":[10.999,22.92091,-0.7549],"rotation":{"angle":-22.5,"axis":"x","origin":[25.999,15.26405,15.65931]},"faces":{"north":{"uv":[0,0,0,0.75],"texture":"#0"},"east":{"uv":[3.5,2.5,5.25,3.25],"texture":"#0"},"south":{"uv":[0,0,0,0.75],"texture":"#0"},"west":{"uv":[6.5,6.5,8.25,7.25],"texture":"#0"},"up":{"uv":[0,1.75,0,0],"texture":"#0"},"down":{"uv":[0,0,0,1.75],"texture":"#0"}}},{"from":[4,19.37971,-0.64725],"to":[11,22.37971,-0.64725],"rotation":{"angle":-22.5,"axis":"x","origin":[-12.41421,14.72286,14.35275]},"faces":{"north":{"uv":[6.5,5.25,8.25,6],"texture":"#0"},"east":{"uv":[0,0,0,0.75],"texture":"#0"},"south":{"uv":[7,2.5,8.75,3.25],"texture":"#0"},"west":{"uv":[0,0,0,0.75],"texture":"#0"},"up":{"uv":[1.75,0,0,0],"texture":"#0"},"down":{"uv":[1.75,0,0,0],"texture":"#0"}}},{"from":[4,16.70093,-7.11441],"to":[11,19.70093,-7.11441],"rotation":{"angle":-22.5,"axis":"x","origin":[-12.41421,12.04407,7.88559]},"faces":{"north":{"uv":[7,3.25,8.75,4],"texture":"#0"},"east":{"uv":[0,0,0,0.75],"texture":"#0"},"south":{"uv":[1.25,7.25,3,8],"texture":"#0"},"west":{"uv":[0,0,0,0.75],"texture":"#0"},"up":{"uv":[1.75,0,0,0],"texture":"#0"},"down":{"uv":[1.75,0,0,0],"texture":"#0"}}},{"from":[4,19.92091,-7.7549],"to":[4,22.92091,-0.7549],"rotation":{"angle":-22.5,"axis":"x","origin":[19,15.26405,15.65931]},"faces":{"north":{"uv":[0,0,0,0.75],"texture":"#0"},"east":{"uv":[3,7.25,4.75,8],"texture":"#0"},"south":{"uv":[0,0,0,0.75],"texture":"#0"},"west":{"uv":[6.5,7.25,8.25,8],"texture":"#0"},"up":{"uv":[0,1.75,0,0],"texture":"#0"},"down":{"uv":[0,0,0,1.75],"texture":"#0"}}}],"display":{"thirdperson_righthand":{"translation":[0.75,4.5,0]},"gui":{"rotation":[0,32,0],"translation":[2.5,0,0],"scale":[0.8,0.8,0.8]},"head":{"rotation":[-10,-180,0],"translation":[-0.5,-53.5,6]}}}