{"display":{"thirdperson_lefthand":{"translation":[0,0.75,0]},"head":{"scale":[1.74414,1.74414,1.74414],"translation":[-0.25,9.75,0]},"thirdperson_righthand":{"translation":[0,0.75,0]}},"texture_size":[24,24],"elements":[{"faces":{"south":{"texture":"#0","uv":[16,13.33333,15.33333,16]},"up":{"texture":"#0","uv":[5.66667,5.33333,0,0],"rotation":90},"east":{"texture":"#0","uv":[6,8,6,10.66667]},"west":{"texture":"#0","uv":[6,9.33333,11.66667,10.66667]},"north":{"texture":"#0","uv":[15.33333,13.33333,16,16]},"down":{"texture":"#0","uv":[5.66667,5.33333,0,10.66667],"rotation":270}},"from":[5.72656,2.90625,3.875],"rotation":{"axis":"y","angle":0,"origin":[4.91406,7.03125,2.5]},"to":[6.72656,6.90625,3.875]},{"faces":{"south":{"texture":"#0","uv":[5.66667,5.33333,0,10.66667],"rotation":90},"up":{"texture":"#0","uv":[15.33333,13.33333,16,16]},"east":{"texture":"#0","uv":[6,9.33333,11.66667,10.66667],"rotation":90},"west":{"texture":"#0","uv":[6,8,6,10.66667],"rotation":270},"north":{"texture":"#0","uv":[5.66667,5.33333,0,0],"rotation":90},"down":{"texture":"#0","uv":[0,10.66667,5.33333,12],"rotation":180}},"from":[5.72656,6.90625,3.875],"rotation":{"axis":"y","angle":0,"origin":[4.91406,7.03125,2.5]},"to":[6.72656,6.90625,7.875]},{"faces":{"south":{"texture":"#0","uv":[6,9.33333,11.66667,10.66667]},"up":{"texture":"#0","uv":[5.66667,5.33333,0,0]},"east":{"texture":"#0","uv":[0,10.66667,5.33333,12]},"west":{"texture":"#0","uv":[10.66667,0,16,1.33333]},"north":{"texture":"#0","uv":[6,8,11.66667,9.33333]},"down":{"texture":"#0","uv":[5.66667,5.33333,0,10.66667]}},"from":[3.94531,6,4],"rotation":{"axis":"y","angle":0,"origin":[8,8,8]},"to":[12.35156,8,12]},{"faces":{"south":{"texture":"#0","uv":[10.66667,2.66667,15.33333,4]},"up":{"texture":"#0","uv":[10.66667,4,6,0]},"east":{"texture":"#0","uv":[10.66667,4,14.66667,5.33333]},"west":{"texture":"#0","uv":[5.33333,10.66667,9.33333,12]},"north":{"texture":"#0","uv":[10.66667,1.33333,15.33333,2.66667]},"down":{"texture":"#0","uv":[10.66667,4,6,8]}},"from":[4.35156,8,5],"rotation":{"axis":"y","angle":0,"origin":[8,8,8]},"to":[11.35156,10,11]}],"credit":"MadewithBlockbench","textures":{"0":"hyronic:custom/cosmetics/hats/book_head"}}