{"credit":"MadewithBlockbench","texture_size":[48,48],"textures":{"0":"hyronic:custom/cosmetics/hats/box","particle":"hyronic:custom/cosmetics/hats/box"},"elements":[{"from":[0,0,0],"to":[16,16,16],"faces":{"north":{"uv":[0,0,5.33333,5.33333],"texture":"#0"},"east":{"uv":[0,5.33333,5.33333,10.66667],"texture":"#0"},"south":{"uv":[5.33333,0,10.66667,5.33333],"texture":"#0"},"west":{"uv":[5.33333,5.33333,10.66667,10.66667],"texture":"#0"},"up":{"uv":[5.33333,16,0,10.66667],"texture":"#0"},"down":{"uv":[16,0,10.66667,5.33333],"texture":"#0"}}},{"from":[16,-1.46875,0],"to":[24,-1.46875,16],"rotation":{"angle":-22.5,"axis":"z","origin":[20,0,8]},"faces":{"north":{"uv":[0,0,2.66667,0],"texture":"#0"},"east":{"uv":[0,0,5.33333,0],"texture":"#0"},"south":{"uv":[0,0,2.66667,0],"texture":"#0"},"west":{"uv":[0,0,5.33333,0],"texture":"#0"},"up":{"uv":[8,16,5.33333,10.66667],"texture":"#0"},"down":{"uv":[13.33333,5.33333,10.66667,10.66667],"texture":"#0"}}},{"from":[-8,-1.46875,0],"to":[0,-1.46875,16],"rotation":{"angle":22.5,"axis":"z","origin":[-4,0,8]},"faces":{"north":{"uv":[0,0,2.66667,0],"texture":"#0"},"east":{"uv":[0,0,5.33333,0],"texture":"#0"},"south":{"uv":[0,0,2.66667,0],"texture":"#0"},"west":{"uv":[0,0,5.33333,0],"texture":"#0"},"up":{"uv":[10.66667,16,8,10.66667],"texture":"#0"},"down":{"uv":[13.33333,10.66667,10.66667,16],"texture":"#0"}}},{"from":[0,3,15],"to":[16,3,23],"rotation":{"angle":22.5,"axis":"x","origin":[-4,0,8]},"faces":{"north":{"uv":[0,0,5.33333,0],"texture":"#0"},"east":{"uv":[0,0,2.66667,0],"texture":"#0"},"south":{"uv":[0,0,5.33333,0],"texture":"#0"},"west":{"uv":[0,0,2.66667,0],"texture":"#0"},"up":{"uv":[10.66667,16,8,10.66667],"rotation":270,"texture":"#0"},"down":{"uv":[13.33333,10.66667,10.66667,16],"rotation":90,"texture":"#0"}}}],"display":{"thirdperson_righthand":{"rotation":[-174.48,0.38,0.33],"translation":[0,2,0],"scale":[0.23828,0.23828,0.23828]},"thirdperson_lefthand":{"rotation":[-115,0,0],"translation":[-6,-7.5,-3.75],"scale":[1.05664,1.05664,1.05664]},"firstperson_righthand":{"rotation":[180,151,0],"scale":[0.28906,0.28906,0.28906]},"firstperson_lefthand":{"rotation":[180,151,0],"scale":[0.28906,0.28906,0.28906]},"ground":{"translation":[0,6.25,0],"scale":[0.46289,0.46289,0.46289]},"gui":{"rotation":[28,-129,0],"scale":[0.4,0.4,0.4]},"head":{"translation":[0,8.5,0],"scale":[0.95,0.95,0.95]}}}