{"display":{"ground":{"scale":[0.54688,0.54688,0.54688]},"firstperson_righthand":{"scale":[0.33008,0.33008,0.33008]},"fixed":{"translation":[0,-4.5,-2]},"gui":{"scale":[0.53711,0.53711,0.53711],"rotation":[0,148,0],"translation":[0,-5.5,0]},"firstperson_lefthand":{"scale":[0.33008,0.33008,0.33008]},"thirdperson_lefthand":{"scale":[0.25977,0.25977,0.25977]},"thirdperson_righthand":{"scale":[0.25977,0.25977,0.25977]}},"texture_size":[48,48],"elements":[{"faces":{"south":{"texture":"#0","uv":[6.66667,2.66667,7.33333,5.33333]},"up":{"texture":"#0","uv":[9.66667,5.66667,9,5.33333]},"east":{"texture":"#0","uv":[0,8.66667,0.33333,11.33333]},"west":{"texture":"#0","uv":[8.66667,0,9,2.66667]},"north":{"texture":"#0","uv":[4.66667,0,5.33333,2.66667]},"down":{"texture":"#0","uv":[6.33333,9,5.66667,9.33333]}},"from":[3,15,7.40625],"rotation":{"axis":"y","angle":0,"origin":[0,15,0]},"to":[5,23,8]},{"faces":{"south":{"texture":"#0","uv":[6.66667,8.33333,11.33333,8.66667]},"up":{"texture":"#0","uv":[4.66667,1.33333,0,0]},"east":{"texture":"#0","uv":[5.66667,8.66667,7,9]},"west":{"texture":"#0","uv":[7,8.66667,8.33333,9]},"north":{"texture":"#0","uv":[6.66667,8,11.33333,8.33333]},"down":{"texture":"#0","uv":[4.66667,1.33333,0,2.66667]}},"from":[1,14,6.40625],"rotation":{"axis":"y","angle":0,"origin":[0,15,0]},"to":[15,15,10]},{"faces":{"south":{"texture":"#0","uv":[3,8.33333,3.33333,11.33333]},"up":{"texture":"#0","uv":[8.66667,10,8.33333,8.66667]},"east":{"texture":"#0","uv":[0,2.66667,1.33333,5.66667]},"west":{"texture":"#0","uv":[1.33333,2.66667,2.66667,5.66667]},"north":{"texture":"#0","uv":[2.66667,8.33333,3,11.33333]},"down":{"texture":"#0","uv":[9,8.66667,8.66667,10]}},"from":[14,5,6.40625],"rotation":{"axis":"y","angle":0,"origin":[0,15,0]},"to":[15,14,10]},{"faces":{"south":{"texture":"#0","uv":[3.66667,8.33333,4,11.33333]},"up":{"texture":"#0","uv":[9.33333,1.33333,9,0]},"east":{"texture":"#0","uv":[2.66667,2.66667,4,5.66667]},"west":{"texture":"#0","uv":[4,2.66667,5.33333,5.66667]},"north":{"texture":"#0","uv":[3.33333,8.33333,3.66667,11.33333]},"down":{"texture":"#0","uv":[9.33333,1.33333,9,2.66667]}},"from":[1,5,6.40625],"rotation":{"axis":"y","angle":0,"origin":[16,15,0]},"to":[2,14,10]},{"faces":{"south":{"texture":"#0","uv":[7.33333,2.66667,8,5.33333]},"up":{"texture":"#0","uv":[9.66667,6,9,5.66667]},"east":{"texture":"#0","uv":[0.33333,8.66667,0.66667,11.33333]},"west":{"texture":"#0","uv":[0.66667,8.66667,1,11.33333]},"north":{"texture":"#0","uv":[6.66667,5.33333,7.33333,8]},"down":{"texture":"#0","uv":[9.66667,6,9,6.33333]}},"from":[11,15,7.40625],"rotation":{"axis":"y","angle":0,"origin":[0,15,0]},"to":[13,23,8]},{"faces":{"south":{"texture":"#0","uv":[8,0,8.66667,2.66667]},"up":{"texture":"#0","uv":[7,9.33333,6.33333,9]},"east":{"texture":"#0","uv":[1,8.66667,1.33333,11.33333]},"west":{"texture":"#0","uv":[1.33333,8.66667,1.66667,11.33333]},"north":{"texture":"#0","uv":[7.33333,5.33333,8,8]},"down":{"texture":"#0","uv":[9.66667,6.33333,9,6.66667]}},"from":[3,23,5.90625],"rotation":{"axis":"x","angle":-22.5,"origin":[8,27,7.5]},"to":[5,31,6.4375]},{"faces":{"south":{"texture":"#0","uv":[8,5.33333,8.66667,8]},"up":{"texture":"#0","uv":[9.66667,7,9,6.66667]},"east":{"texture":"#0","uv":[1.66667,8.66667,2,11.33333]},"west":{"texture":"#0","uv":[2,8.66667,2.33333,11.33333]},"north":{"texture":"#0","uv":[8,2.66667,8.66667,5.33333]},"down":{"texture":"#0","uv":[7.66667,9,7,9.33333]}},"from":[11,23,5.90625],"rotation":{"axis":"x","angle":-22.5,"origin":[8,27,7.5]},"to":[13,31,6.4375]},{"faces":{"south":{"texture":"#0","uv":[4,5.66667,5.33333,8.33333]},"up":{"texture":"#0","uv":[10.33333,3,9,2.66667]},"east":{"texture":"#0","uv":[2.33333,8.66667,2.66667,11.33333]},"west":{"texture":"#0","uv":[8.66667,2.66667,9,5.33333]},"north":{"texture":"#0","uv":[2.66667,5.66667,4,8.33333]},"down":{"texture":"#0","uv":[10.33333,3,9,3.33333]}},"from":[2,23.5625,6.4375],"rotation":{"axis":"x","angle":-22.5,"origin":[8,27,7.5]},"to":[6,32,7.71875]},{"faces":{"south":{"texture":"#0","uv":[6.66667,0,8,2.66667]},"up":{"texture":"#0","uv":[10.33333,3.66667,9,3.33333]},"east":{"texture":"#0","uv":[5.33333,8.66667,5.66667,11.33333]},"west":{"texture":"#0","uv":[8.66667,5.33333,9,8]},"north":{"texture":"#0","uv":[5.33333,6,6.66667,8.66667]},"down":{"texture":"#0","uv":[10.33333,3.66667,9,4]}},"from":[10,23.5625,6.4375],"rotation":{"axis":"x","angle":-22.5,"origin":[8,27,7.5]},"to":[14,32,7.71875]},{"faces":{"south":{"texture":"#0","uv":[5.33333,3,6.66667,6]},"up":{"texture":"#0","uv":[10.33333,4.33333,9,4]},"east":{"texture":"#0","uv":[4,8.33333,4.33333,11.33333]},"west":{"texture":"#0","uv":[4.33333,8.33333,4.66667,11.33333]},"north":{"texture":"#0","uv":[5.33333,0,6.66667,3]},"down":{"texture":"#0","uv":[10.33333,4.33333,9,4.66667]}},"from":[2,15,8],"rotation":{"axis":"y","angle":0,"origin":[0,15,0]},"to":[6,24,9]},{"faces":{"south":{"texture":"#0","uv":[1.33333,5.66667,2.66667,8.66667]},"up":{"texture":"#0","uv":[10.33333,5,9,4.66667]},"east":{"texture":"#0","uv":[4.66667,8.33333,5,11.33333]},"west":{"texture":"#0","uv":[5,8.33333,5.33333,11.33333]},"north":{"texture":"#0","uv":[0,5.66667,1.33333,8.66667]},"down":{"texture":"#0","uv":[10.33333,5,9,5.33333]}},"from":[10,15,8],"rotation":{"axis":"y","angle":0,"origin":[0,15,0]},"to":[14,24,9]}],"credit":"MadewithBlockbench","textures":{"0":"hyronic:custom/cosmetics/hats/bunny_ear"}}