{"credit":"Made with Blockbench","texture_size":[64,64],"textures":{"0":"hyronic:custom/cosmetics/hats/cowboy_hat","particle":"hyronic:custom/cosmetics/hats/cowboy_hat"},"elements":[{"from":[4,0,4],"to":[12,3,12],"faces":{"north":{"uv":[3.5,4,5.5,4.75],"texture":"#0"},"east":{"uv":[3.5,4.75,5.5,5.5],"texture":"#0"},"south":{"uv":[5.5,0,7.5,0.75],"texture":"#0"},"west":{"uv":[5.5,0.75,7.5,1.5],"texture":"#0"},"up":{"uv":[5.5,2,3.5,0],"texture":"#0"},"down":{"uv":[5.5,2,3.5,4],"texture":"#0"}}},{"from":[9,3,4],"to":[12,4,12],"faces":{"north":{"uv":[6.25,3.5,7,3.75],"texture":"#0"},"east":{"uv":[6.25,2.5,8.25,2.75],"texture":"#0"},"south":{"uv":[6.25,3.75,7,4],"texture":"#0"},"west":{"uv":[6.25,2.75,8.25,3],"texture":"#0"},"up":{"uv":[6.25,3.5,5.5,1.5],"texture":"#0"},"down":{"uv":[4.25,5.5,3.5,7.5],"texture":"#0"}}},{"from":[4,3,4],"to":[7,4,12],"faces":{"north":{"uv":[6.25,4,7,4.25],"texture":"#0"},"east":{"uv":[6.25,3,8.25,3.25],"texture":"#0"},"south":{"uv":[6.25,4.25,7,4.5],"texture":"#0"},"west":{"uv":[6.25,3.25,8.25,3.5],"texture":"#0"},"up":{"uv":[6.25,5.5,5.5,3.5],"texture":"#0"},"down":{"uv":[5,5.5,4.25,7.5],"texture":"#0"}}},{"from":[1,0,1],"to":[15,0,15],"faces":{"north":{"uv":[0,0,3.5,0],"texture":"#0"},"east":{"uv":[0,0,3.5,0],"texture":"#0"},"south":{"uv":[0,0,3.5,0],"texture":"#0"},"west":{"uv":[0,0,3.5,0],"texture":"#0"},"up":{"uv":[3.5,3.5,0,0],"texture":"#0"},"down":{"uv":[3.5,3.5,0,7],"texture":"#0"}}},{"from":[1,0,2],"to":[1,2,14],"faces":{"north":{"uv":[0,0,0,0.5],"texture":"#0"},"east":{"uv":[5,5.5,8,6],"texture":"#0"},"south":{"uv":[0,0,0,0.5],"texture":"#0"},"west":{"uv":[5,6,8,6.5],"texture":"#0"},"up":{"uv":[0,3,0,0],"texture":"#0"},"down":{"uv":[0,0,0,3],"texture":"#0"}}},{"from":[15,0,2],"to":[15,2,14],"faces":{"north":{"uv":[0,0,0,0.5],"texture":"#0"},"east":{"uv":[6.25,1.5,9.25,2],"texture":"#0"},"south":{"uv":[0,0,0,0.5],"texture":"#0"},"west":{"uv":[6.25,2,9.25,2.5],"texture":"#0"},"up":{"uv":[0,3,0,0],"texture":"#0"},"down":{"uv":[0,0,0,3],"texture":"#0"}}}],"display":{"thirdperson_righthand":{"rotation":[75,45,0],"translation":[0,2.5,2.25],"scale":[0.375,0.375,0.375]},"thirdperson_lefthand":{"rotation":[75,45,0],"translation":[0,2.5,2.25],"scale":[0.375,0.375,0.375]},"firstperson_righthand":{"rotation":[0,0,15],"translation":[1.13,3.2,1.13],"scale":[0.68,0.68,0.68]},"firstperson_lefthand":{"rotation":[0,0,15],"translation":[1.13,3.2,1.13],"scale":[0.68,0.68,0.68]},"ground":{"translation":[0,3,0],"scale":[0.25,0.25,0.25]},"gui":{"rotation":[30,225,0],"translation":[0,5,0],"scale":[0.8,0.8,0.8]},"head":{"translation":[0,16,0],"scale":[1.81,1.81,1.81]},"fixed":{"translation":[0,9,-1],"scale":[1.3,1.3,1.3]}}}