{"credit":"Made with Blockbench","texture_size":[64,64],"textures":{"0":"hyronic:custom/cosmetics/hats/crown_hat","particle":"hyronic:custom/cosmetics/hats/crown_hat"},"elements":[{"from":[4,2,4],"to":[12,3,12],"faces":{"north":{"uv":[7,9.5,9,9.75],"texture":"#0"},"east":{"uv":[2.5,10.75,4.5,11],"texture":"#0"},"south":{"uv":[4.5,10.75,6.5,11],"texture":"#0"},"west":{"uv":[0,11,2,11.25],"texture":"#0"},"up":{"uv":[9.5,7,7.5,5],"texture":"#0"},"down":{"uv":[9,7.5,7,9.5],"texture":"#0"}}},{"from":[3.5,3,3.5],"to":[12.5,7,12.5],"faces":{"north":{"uv":[9,7,11.25,8],"texture":"#0"},"east":{"uv":[9,8,11.25,9],"texture":"#0"},"south":{"uv":[9,9,11.25,10],"texture":"#0"},"west":{"uv":[9.5,5,11.75,6],"texture":"#0"},"up":{"uv":[4.75,9.75,2.5,7.5],"texture":"#0"},"down":{"uv":[7,7.5,4.75,9.75],"texture":"#0"}}},{"from":[3,2.25,3],"to":[13,7.25,13],"faces":{"north":{"uv":[9,0,11.5,1.25],"texture":"#0"},"east":{"uv":[9,1.25,11.5,2.5],"texture":"#0"},"south":{"uv":[9,2.5,11.5,3.75],"texture":"#0"},"west":{"uv":[9,3.75,11.5,5],"texture":"#0"},"up":{"uv":[7.5,7.5,5,5],"texture":"#0"},"down":{"uv":[2.5,7.5,0,10],"texture":"#0"}}},{"from":[7,7,7],"to":[9,8,9],"faces":{"north":{"uv":[8.5,7,9,7.25],"texture":"#0"},"east":{"uv":[8.5,7.25,9,7.5],"texture":"#0"},"south":{"uv":[7.5,9.75,8,10],"texture":"#0"},"west":{"uv":[8,9.75,8.5,10],"texture":"#0"},"up":{"uv":[8,7.5,7.5,7],"texture":"#0"},"down":{"uv":[8.5,7,8,7.5],"texture":"#0"}}},{"from":[7,8,8],"to":[9,11,8],"rotation":{"angle":0,"axis":"y","origin":[8,8,8]},"faces":{"north":{"uv":[3,11,2.5,11.75],"texture":"#0"},"east":{"uv":[0,0,0,0.75],"texture":"#0"},"south":{"uv":[2.5,11,3,11.75],"texture":"#0"},"west":{"uv":[0,0,0,0.75],"texture":"#0"},"up":{"uv":[0.5,0,0,0],"texture":"#0"},"down":{"uv":[0.5,0,0,0],"texture":"#0"}}},{"from":[8,8,7],"to":[8,11,9],"rotation":{"angle":0,"axis":"y","origin":[8,8,8]},"faces":{"north":{"uv":[0,0,0,0.75],"texture":"#0"},"east":{"uv":[7,10.75,6.5,11.5],"texture":"#0"},"south":{"uv":[0,0,0,0.75],"texture":"#0"},"west":{"uv":[6.5,10.75,7,11.5],"texture":"#0"},"up":{"uv":[0,0.5,0,0],"texture":"#0"},"down":{"uv":[0,0,0,0.5],"texture":"#0"}}},{"from":[3,0,3],"to":[13,2,13],"faces":{"north":{"uv":[9.5,6,12,6.5],"texture":"#0"},"east":{"uv":[9.5,6.5,12,7],"texture":"#0"},"south":{"uv":[2.5,9.75,5,10.25],"texture":"#0"},"west":{"uv":[5,9.75,7.5,10.25],"texture":"#0"},"up":{"uv":[2.5,7.5,0,5],"texture":"#0"},"down":{"uv":[5,5,2.5,7.5],"texture":"#0"}}},{"from":[3,2,3],"to":[3,4,13],"rotation":{"angle":22.5,"axis":"z","origin":[3,2,8]},"faces":{"north":{"uv":[0,0,0,0.5],"texture":"#0"},"east":{"uv":[2.5,10.5,0,11],"texture":"#0"},"south":{"uv":[0,0,0,0.5],"texture":"#0"},"west":{"uv":[0,10.5,2.5,11],"texture":"#0"},"up":{"uv":[0,2.5,0,0],"texture":"#0"},"down":{"uv":[0,0,0,2.5],"texture":"#0"}}},{"from":[13,2,3],"to":[13,4,13],"rotation":{"angle":-22.5,"axis":"z","origin":[13,2,8]},"faces":{"north":{"uv":[0,0,0,0.5],"texture":"#0"},"east":{"uv":[7.5,10.5,10,11],"texture":"#0"},"south":{"uv":[0,0,0,0.5],"texture":"#0"},"west":{"uv":[10,10.5,7.5,11],"texture":"#0"},"up":{"uv":[0,2.5,0,0],"texture":"#0"},"down":{"uv":[0,0,0,2.5],"texture":"#0"}}},{"from":[3,2,12.999],"to":[13,4,12.999],"rotation":{"angle":22.5,"axis":"x","origin":[8,2,12.999]},"faces":{"north":{"uv":[7.5,10,10,10.5],"texture":"#0"},"east":{"uv":[0,0,0,0.5],"texture":"#0"},"south":{"uv":[7.5,10,10,10.5],"texture":"#0"},"west":{"uv":[0,0,0,0.5],"texture":"#0"},"up":{"uv":[2.5,0,0,0],"texture":"#0"},"down":{"uv":[2.5,0,0,0],"texture":"#0"}}},{"from":[3,2,3.001],"to":[13,4,3.001],"rotation":{"angle":-22.5,"axis":"x","origin":[8,2,3.001]},"faces":{"north":{"uv":[10,10,12.5,10.5],"texture":"#0"},"east":{"uv":[0,0,0,0.5],"texture":"#0"},"south":{"uv":[12.5,10,10,10.5],"texture":"#0"},"west":{"uv":[0,0,0,0.5],"texture":"#0"},"up":{"uv":[2.5,0,0,0],"texture":"#0"},"down":{"uv":[2.5,0,0,0],"texture":"#0"}}},{"from":[-1,0,8],"to":[17,10,8],"rotation":{"angle":45,"axis":"y","origin":[8,2.5,8]},"faces":{"north":{"uv":[0,0,4.5,2.5],"texture":"#0"},"east":{"uv":[0,0,0,2.5],"texture":"#0"},"south":{"uv":[0,0,4.5,2.5],"texture":"#0"},"west":{"uv":[0,0,0,2.5],"texture":"#0"},"up":{"uv":[4.5,0,0,0],"texture":"#0"},"down":{"uv":[4.5,0,0,0],"texture":"#0"}}},{"from":[-1,0,8],"to":[17,10,8],"rotation":{"angle":-45,"axis":"y","origin":[8,2.5,8]},"faces":{"north":{"uv":[4.5,0,9,2.5],"texture":"#0"},"east":{"uv":[0,0,0,2.5],"texture":"#0"},"south":{"uv":[4.5,0,9,2.5],"texture":"#0"},"west":{"uv":[0,0,0,2.5],"texture":"#0"},"up":{"uv":[4.5,0,0,0],"texture":"#0"},"down":{"uv":[4.5,0,0,0],"texture":"#0"}}}],"display":{"thirdperson_righthand":{"rotation":[75,45,0],"translation":[0,2.5,0],"scale":[0.375,0.375,0.375]},"thirdperson_lefthand":{"rotation":[75,45,0],"translation":[0,2.5,0],"scale":[0.375,0.375,0.375]},"firstperson_righthand":{"rotation":[0,0,15],"translation":[1.13,3.2,1.13],"scale":[0.68,0.68,0.68]},"firstperson_lefthand":{"rotation":[0,0,15],"translation":[1.13,3.2,1.13],"scale":[0.68,0.68,0.68]},"ground":{"translation":[0,3,0],"scale":[0.25,0.25,0.25]},"gui":{"rotation":[30,225,0],"translation":[0,2.5,0],"scale":[0.9,0.9,0.9]},"head":{"translation":[0,13.5,0],"scale":[1.57,1.57,1.57]},"fixed":{"translation":[0,3.25,-1],"scale":[1.3,1.3,1.3]}}}