{"credit":"MadewithBlockbench","texture_size":[64,64],"textures":{"1":"hyronic:custom/cosmetics/hats/dino_helmet"},"elements":[{"from":[14,11,6],"to":[17,18,9],"rotation":{"angle":45,"axis":"x","origin":[8,8,2]},"faces":{"north":{"uv":[0,11.75,0.75,13.5],"texture":"#1"},"east":{"uv":[0.75,11.75,1.5,13.5],"texture":"#1"},"south":{"uv":[1.5,11.75,2.25,13.5],"texture":"#1"},"west":{"uv":[2.25,11.75,3,13.5],"texture":"#1"},"up":{"uv":[12.25,13.5,11.5,12.75],"texture":"#1"},"down":{"uv":[13,12.75,12.25,13.5],"texture":"#1"}}},{"from":[14,7,2],"to":[17,11,4],"rotation":{"angle":45,"axis":"x","origin":[8,8,2]},"faces":{"north":{"uv":[7.75,12,8.5,13],"texture":"#1"},"east":{"uv":[4.5,13.25,5,14.25],"texture":"#1"},"south":{"uv":[8.5,12,9.25,13],"texture":"#1"},"west":{"uv":[5,13.25,5.5,14.25],"texture":"#1"},"up":{"uv":[7.25,13.75,6.5,13.25],"texture":"#1"},"down":{"uv":[14,6.75,13.25,7.25],"texture":"#1"}}},{"from":[-1,7,2],"to":[2,11,4],"rotation":{"angle":45,"axis":"x","origin":[8,8,2]},"faces":{"north":{"uv":[8.5,12,7.75,13],"texture":"#1"},"east":{"uv":[5.5,13.25,5,14.25],"texture":"#1"},"south":{"uv":[9.25,12,8.5,13],"texture":"#1"},"west":{"uv":[5,13.25,4.5,14.25],"texture":"#1"},"up":{"uv":[6.5,13.75,7.25,13.25],"texture":"#1"},"down":{"uv":[13.25,6.75,14,7.25],"texture":"#1"}}},{"from":[-1,11,6],"to":[2,18,9],"rotation":{"angle":45,"axis":"x","origin":[8,8,2]},"faces":{"north":{"uv":[0.75,11.75,0,13.5],"texture":"#1"},"east":{"uv":[3,11.75,2.25,13.5],"texture":"#1"},"south":{"uv":[2.25,11.75,1.5,13.5],"texture":"#1"},"west":{"uv":[1.5,11.75,0.75,13.5],"texture":"#1"},"up":{"uv":[11.5,13.5,12.25,12.75],"texture":"#1"},"down":{"uv":[12.25,12.75,13,13.5],"texture":"#1"}}},{"from":[0,10,-3],"to":[16,16,16],"rotation":{"angle":0,"axis":"x","origin":[1,7.5,0]},"faces":{"north":{"uv":[8,3,12,4.5],"texture":"#1"},"east":{"uv":[8,0,12.75,1.5],"texture":"#1"},"south":{"uv":[10.5,8.75,14.5,10.25],"texture":"#1"},"west":{"uv":[8,1.5,12.75,3],"texture":"#1"},"up":{"uv":[4,4.75,0,0],"texture":"#1"},"down":{"uv":[8,0,4,4.75],"texture":"#1"}}},{"from":[1,7,-2.03125],"to":[15,10,-2.03125],"rotation":{"angle":0,"axis":"x","origin":[1,7.5,0]},"faces":{"north":{"uv":[0,11,3.5,11.75],"texture":"#1"},"east":{"uv":[0,0,0,0.75],"texture":"#1"},"south":{"uv":[11.25,4.5,14.75,5.25],"texture":"#1"},"west":{"uv":[0,0,0,0.75],"texture":"#1"},"up":{"uv":[3.5,0,0,0],"texture":"#1"},"down":{"uv":[3.5,0,0,0],"texture":"#1"}}},{"from":[0.9375,7,-2.03125],"to":[0.9375,10,0.96875],"rotation":{"angle":0,"axis":"y","origin":[8,8.5,-2.03125]},"faces":{"north":{"uv":[0,0,0,0.75],"texture":"#1"},"east":{"uv":[7.75,13,8.5,13.75],"texture":"#1"},"south":{"uv":[0,0,0,0.75],"texture":"#1"},"west":{"uv":[13,8,13.75,8.75],"texture":"#1"},"up":{"uv":[0,0.75,0,0],"texture":"#1"},"down":{"uv":[0,0,0,0.75],"texture":"#1"}}},{"from":[15.0625,7,-2.03125],"to":[15.0625,10,0.96875],"rotation":{"angle":0,"axis":"y","origin":[8,8.5,-2.03125]},"faces":{"north":{"uv":[0,0,0,0.75],"texture":"#1"},"east":{"uv":[8.5,13,9.25,13.75],"texture":"#1"},"south":{"uv":[0,0,0,0.75],"texture":"#1"},"west":{"uv":[13,12.75,13.75,13.5],"texture":"#1"},"up":{"uv":[0,0.75,0,0],"texture":"#1"},"down":{"uv":[0,0,0,0.75],"texture":"#1"}}},{"from":[1,9,-2],"to":[15,17,15],"rotation":{"angle":0,"axis":"x","origin":[1,7.5,0]},"faces":{"north":{"uv":[7,8.75,10.5,10.75],"texture":"#1"},"east":{"uv":[7,4.75,11.25,6.75],"texture":"#1"},"south":{"uv":[0,9,3.5,11],"texture":"#1"},"west":{"uv":[7,6.75,11.25,8.75],"texture":"#1"},"up":{"uv":[3.5,9,0,4.75],"texture":"#1"},"down":{"uv":[7,4.75,3.5,9],"texture":"#1"}}},{"from":[5,6.99668,13.67818],"to":[11,16.77793,18.67818],"rotation":{"angle":-22.5,"axis":"x","origin":[8,8.61159,19.23244]},"faces":{"north":{"uv":[3.5,9,5,11.5],"texture":"#1"},"east":{"uv":[10.5,10.25,11.75,12.75],"texture":"#1"},"south":{"uv":[5,9,6.5,11.5],"texture":"#1"},"west":{"uv":[6.5,10.75,7.75,13.25],"texture":"#1"},"up":{"uv":[9.25,12,7.75,10.75],"texture":"#1"},"down":{"uv":[12.75,5.25,11.25,6.5],"texture":"#1"}}},{"from":[6,4.27445,16.7502],"to":[10,7.27445,23.7502],"rotation":{"angle":22.5,"axis":"x","origin":[8,8.61159,19.23244]},"faces":{"north":{"uv":[12.25,6.5,13.25,7.25],"texture":"#1"},"east":{"uv":[11.75,10.25,13.5,11],"texture":"#1"},"south":{"uv":[12.25,7.25,13.25,8],"texture":"#1"},"west":{"uv":[11.75,11,13.5,11.75],"texture":"#1"},"up":{"uv":[10.25,12.5,9.25,10.75],"texture":"#1"},"down":{"uv":[12.25,6.5,11.25,8.25],"texture":"#1"}}},{"from":[7,3.38576,19.44595],"to":[9,5.38576,23.44595],"rotation":{"angle":-22.5,"axis":"x","origin":[8,8.61159,19.23244]},"faces":{"north":{"uv":[6.5,10,7,10.5],"texture":"#1"},"east":{"uv":[11.25,8.25,12.25,8.75],"texture":"#1"},"south":{"uv":[3,12.75,3.5,13.25],"texture":"#1"},"west":{"uv":[12,4,13,4.5],"texture":"#1"},"up":{"uv":[6,14.25,5.5,13.25],"texture":"#1"},"down":{"uv":[6.5,13.25,6,14.25],"texture":"#1"}}},{"from":[7.5,15.44355,-1.34476],"to":[8.5,19.44355,1.65524],"rotation":{"angle":0,"axis":"x","origin":[8,17.69355,10.65524]},"faces":{"north":{"uv":[10.25,10.75,10.5,11.75],"texture":"#1"},"east":{"uv":[9.25,12.5,10,13.5],"texture":"#1"},"south":{"uv":[10.25,11.75,10.5,12.75],"texture":"#1"},"west":{"uv":[12.5,11.75,13.25,12.75],"texture":"#1"},"up":{"uv":[1.75,14.25,1.5,13.5],"texture":"#1"},"down":{"uv":[13.75,1.5,13.5,2.25],"texture":"#1"}}},{"from":[7.5,14.4123,3.65524],"to":[8.5,18.4123,6.65524],"rotation":{"angle":0,"axis":"x","origin":[8,17.69355,10.65524]},"faces":{"north":{"uv":[7.25,13.25,7.5,14.25],"texture":"#1"},"east":{"uv":[12.75,0,13.5,1],"texture":"#1"},"south":{"uv":[7.5,13.25,7.75,14.25],"texture":"#1"},"west":{"uv":[12.75,1,13.5,2],"texture":"#1"},"up":{"uv":[2,14.25,1.75,13.5],"texture":"#1"},"down":{"uv":[2.25,13.5,2,14.25],"texture":"#1"}}},{"from":[7.5,14.2873,8.65524],"to":[8.5,18.2873,11.65524],"rotation":{"angle":0,"axis":"x","origin":[8,17.69355,10.65524]},"faces":{"north":{"uv":[13.25,11.75,13.5,12.75],"texture":"#1"},"east":{"uv":[12.75,2,13.5,3],"texture":"#1"},"south":{"uv":[0,13.5,0.25,14.5],"texture":"#1"},"west":{"uv":[12.75,3,13.5,4],"texture":"#1"},"up":{"uv":[2.5,14.25,2.25,13.5],"texture":"#1"},"down":{"uv":[13.75,2.25,13.5,3],"texture":"#1"}}},{"from":[7.5,13.63105,13.65524],"to":[8.5,17.63105,16.65524],"rotation":{"angle":22.5,"axis":"x","origin":[8,17.69355,14.15524]},"faces":{"north":{"uv":[13.5,0,13.75,1],"texture":"#1"},"east":{"uv":[12.75,5.25,13.5,6.25],"texture":"#1"},"south":{"uv":[0.25,13.5,0.5,14.5],"texture":"#1"},"west":{"uv":[10,12.75,10.75,13.75],"texture":"#1"},"up":{"uv":[2.75,14.25,2.5,13.5],"texture":"#1"},"down":{"uv":[3,13.5,2.75,14.25],"texture":"#1"}}},{"from":[7.5,12.02612,16.83023],"to":[8.5,15.02612,19.83023],"rotation":{"angle":-22.5,"axis":"x","origin":[8,8.61159,19.23244]},"faces":{"north":{"uv":[13.5,3,13.75,3.75],"texture":"#1"},"east":{"uv":[3,13.25,3.75,14],"texture":"#1"},"south":{"uv":[13.5,5.25,13.75,6],"texture":"#1"},"west":{"uv":[3.75,13.25,4.5,14],"texture":"#1"},"up":{"uv":[9.5,14.25,9.25,13.5],"texture":"#1"},"down":{"uv":[9.75,13.5,9.5,14.25],"texture":"#1"}}},{"from":[7.5,9.02612,17.14273],"to":[8.5,11.02612,19.14273],"rotation":{"angle":-22.5,"axis":"x","origin":[8,8.61159,19.23244]},"faces":{"north":{"uv":[9.75,13.5,10,14],"texture":"#1"},"east":{"uv":[13.25,7.25,13.75,7.75],"texture":"#1"},"south":{"uv":[13.5,10.25,13.75,10.75],"texture":"#1"},"west":{"uv":[0.5,13.5,1,14],"texture":"#1"},"up":{"uv":[11,14,10.75,13.5],"texture":"#1"},"down":{"uv":[13.75,10.75,13.5,11.25],"texture":"#1"}}},{"from":[7.5,6.21512,19.60309],"to":[8.5,8.21512,21.60309],"rotation":{"angle":45,"axis":"x","origin":[8,8.61159,19.23244]},"faces":{"north":{"uv":[11,13.5,11.25,14],"texture":"#1"},"east":{"uv":[1,13.5,1.5,14],"texture":"#1"},"south":{"uv":[11.25,13.5,11.5,14],"texture":"#1"},"west":{"uv":[13.5,1,14,1.5],"texture":"#1"},"up":{"uv":[13.75,11.75,13.5,11.25],"texture":"#1"},"down":{"uv":[11.75,13.5,11.5,14],"texture":"#1"}}}],"display":{"thirdperson_righthand":{"scale":[0.19727,0.19727,0.19727]},"thirdperson_lefthand":{"scale":[0.19727,0.19727,0.19727]},"firstperson_righthand":{"scale":[0.44336,0.44336,0.44336]},"firstperson_lefthand":{"scale":[0.44336,0.44336,0.44336]},"gui":{"rotation":[-157.25,-33.49,-173.9],"translation":[-0.75,-2,0],"scale":[0.6,0.6,0.6]},"head":{"translation":[0,2.25,1.75]},"fixed":{"translation":[0,-2.25,0]}}}