{"credit":"MadewithBlockbench","texture_size":[48,48],"textures":{"0":"hyronic:custom/cosmetics/hats/frog_head","particle":"hyronic:custom/cosmetics/hats/frog_head"},"elements":[{"from":[2.5,1.5,2.5],"to":[13.5,2.5,13.5],"rotation":{"angle":0,"axis":"y","origin":[8,8,10.25]},"faces":{"north":{"uv":[0,10.33333,3.66667,10.66667],"texture":"#0"},"east":{"uv":[3.66667,10.33333,7.33333,10.66667],"texture":"#0"},"south":{"uv":[10.33333,6,14,6.33333],"texture":"#0"},"west":{"uv":[10.33333,6.33333,14,6.66667],"texture":"#0"},"up":{"uv":[3.66667,3.66667,0,0],"texture":"#0"},"down":{"uv":[3.66667,3.66667,0,7.33333],"texture":"#0"}}},{"from":[2.5,11.5,2.5],"to":[13.5,12.5,13.5],"rotation":{"angle":0,"axis":"y","origin":[8,8,10.25]},"faces":{"north":{"uv":[10.33333,6.66667,14,7],"texture":"#0"},"east":{"uv":[10.33333,7,14,7.33333],"texture":"#0"},"south":{"uv":[10.33333,7.33333,14,7.66667],"texture":"#0"},"west":{"uv":[10.33333,7.66667,14,8],"texture":"#0"},"up":{"uv":[7.33333,3.66667,3.66667,0],"texture":"#0"},"down":{"uv":[7.33333,3.66667,3.66667,7.33333],"texture":"#0"}}},{"from":[10.65625,12.59375,7.25],"to":[13.375,15.28125,8.25],"rotation":{"angle":0,"axis":"y","origin":[8,8,10.5]},"faces":{"north":{"uv":[1,10.66667,2,11.66667],"texture":"#0"},"east":{"uv":[11,3.66667,11.33333,4.66667],"texture":"#0"},"south":{"uv":[2,10.66667,3,11.66667],"texture":"#0"},"west":{"uv":[11,4.66667,11.33333,5.66667],"texture":"#0"},"up":{"uv":[12,6,11,5.66667],"texture":"#0"},"down":{"uv":[12.33333,3.66667,11.33333,4],"texture":"#0"}}},{"from":[2.625,12.59375,7.25],"to":[5.34375,15.28125,8.25],"rotation":{"angle":0,"axis":"y","origin":[8,8,10.5]},"faces":{"north":{"uv":[3,10.66667,4,11.66667],"texture":"#0"},"east":{"uv":[11.33333,4,11.66667,5],"texture":"#0"},"south":{"uv":[4,10.66667,5,11.66667],"texture":"#0"},"west":{"uv":[11.66667,0.66667,12,1.66667],"texture":"#0"},"up":{"uv":[12.33333,5.33333,11.33333,5],"texture":"#0"},"down":{"uv":[12.33333,5.33333,11.33333,5.66667],"texture":"#0"}}},{"from":[10.5,12.5,7.75],"to":[13.5,15.5,8.75],"rotation":{"angle":0,"axis":"y","origin":[8,8,10.5]},"faces":{"north":{"uv":[5,10.66667,6,11.66667],"texture":"#0"},"east":{"uv":[1,11.66667,1.33333,12.66667],"texture":"#0"},"south":{"uv":[6,10.66667,7,11.66667],"texture":"#0"},"west":{"uv":[1.33333,11.66667,1.66667,12.66667],"texture":"#0"},"up":{"uv":[2.66667,12,1.66667,11.66667],"texture":"#0"},"down":{"uv":[12.66667,1.66667,11.66667,2],"texture":"#0"}}},{"from":[2.5,12.5,7.75],"to":[5.5,15.5,8.75],"rotation":{"angle":0,"axis":"y","origin":[8,8,10.5]},"faces":{"north":{"uv":[10.66667,8,11.66667,9],"texture":"#0"},"east":{"uv":[11.66667,2,12,3],"texture":"#0"},"south":{"uv":[10.66667,9,11.66667,10],"texture":"#0"},"west":{"uv":[2.66667,11.66667,3,12.66667],"texture":"#0"},"up":{"uv":[4,12,3,11.66667],"texture":"#0"},"down":{"uv":[12.66667,3,11.66667,3.33333],"texture":"#0"}}},{"from":[3.5,2.5,12.5],"to":[12.5,11.5,13.5],"rotation":{"angle":0,"axis":"y","origin":[8,8,8]},"faces":{"north":{"uv":[7.33333,6,10.33333,9],"texture":"#0"},"east":{"uv":[7,10.66667,7.33333,13.66667],"texture":"#0"},"south":{"uv":[7.33333,9,10.33333,12],"texture":"#0"},"west":{"uv":[10.66667,10,11,13],"texture":"#0"},"up":{"uv":[14,0.33333,11,0],"texture":"#0"},"down":{"uv":[14,0.33333,11,0.66667],"texture":"#0"}}},{"from":[12.5,2.5,2.5],"to":[13.5,11.5,13.5],"rotation":{"angle":0,"axis":"y","origin":[8,8,10.25]},"faces":{"north":{"uv":[11,0.66667,11.33333,3.66667],"texture":"#0"},"east":{"uv":[0,7.33333,3.66667,10.33333],"texture":"#0"},"south":{"uv":[11,10,11.33333,13],"texture":"#0"},"west":{"uv":[7.33333,0,11,3],"texture":"#0"},"up":{"uv":[10.66667,11.66667,10.33333,8],"texture":"#0"},"down":{"uv":[0.33333,10.66667,0,14.33333],"texture":"#0"}}},{"from":[2.5,2.5,2.5],"to":[3.5,11.5,13.5],"rotation":{"angle":0,"axis":"y","origin":[8,8,10.25]},"faces":{"north":{"uv":[11.33333,0.66667,11.66667,3.66667],"texture":"#0"},"east":{"uv":[7.33333,3,11,6],"texture":"#0"},"south":{"uv":[11.33333,10,11.66667,13],"texture":"#0"},"west":{"uv":[3.66667,7.33333,7.33333,10.33333],"texture":"#0"},"up":{"uv":[0.66667,14.33333,0.33333,10.66667],"texture":"#0"},"down":{"uv":[1,10.66667,0.66667,14.33333],"texture":"#0"}}}],"display":{"thirdperson_righthand":{"scale":[0.34375,0.34375,0.34375]},"thirdperson_lefthand":{"scale":[0.34375,0.34375,0.34375]},"firstperson_righthand":{"scale":[0.68945,0.68945,0.68945]},"firstperson_lefthand":{"scale":[0.68945,0.68945,0.68945]},"gui":{"rotation":[23,-140,0],"scale":[0.8,0.8,0.8]},"head":{"translation":[0,2.75,0],"scale":[1.69922,1.69922,1.69922]}}}