{"credit":"Made with Blockbench","texture_size":[32,32],"textures":{"0":"hyronic:custom/cosmetics/hats/propeller_hat","particle":"hyronic:custom/cosmetics/hats/propeller_hat"},"elements":[{"from":[4,6,4],"to":[12,9,12],"faces":{"north":{"uv":[7.5,5,11.5,6.5],"texture":"#0"},"east":{"uv":[7.5,6.5,11.5,8],"texture":"#0"},"south":{"uv":[0,8,4,9.5],"texture":"#0"},"west":{"uv":[4,8,8,9.5],"texture":"#0"},"up":{"uv":[4,4,0,0],"texture":"#0"},"down":{"uv":[4,4,0,8],"texture":"#0"}}},{"from":[4,5,4],"to":[4,6,12],"faces":{"north":{"uv":[0,0,0,0.5],"texture":"#0"},"east":{"uv":[12,8.5,8,9],"texture":"#0"},"south":{"uv":[0,0,0,0.5],"texture":"#0"},"west":{"uv":[8,8.5,12,9],"texture":"#0"},"up":{"uv":[0,4,0,0],"texture":"#0"},"down":{"uv":[0,0,0,4],"texture":"#0"}}},{"from":[12,5,4],"to":[12,6,12],"faces":{"north":{"uv":[0,0,0,0.5],"texture":"#0"},"east":{"uv":[8,9,12,9.5],"texture":"#0"},"south":{"uv":[0,0,0,0.5],"texture":"#0"},"west":{"uv":[12,9,8,9.5],"texture":"#0"},"up":{"uv":[0,4,0,0],"texture":"#0"},"down":{"uv":[0,0,0,4],"texture":"#0"}}},{"from":[12,5,-1],"to":[12,6,4],"faces":{"north":{"uv":[0,0,0,0.5],"texture":"#0"},"east":{"uv":[0,10,2.5,10.5],"texture":"#0"},"south":{"uv":[0,0,0,0.5],"texture":"#0"},"west":{"uv":[2.5,10,0,10.5],"texture":"#0"},"up":{"uv":[0,2.5,0,0],"texture":"#0"},"down":{"uv":[0,0,0,2.5],"texture":"#0"}}},{"from":[4,5,-1],"to":[4,6,4],"faces":{"north":{"uv":[0,0,0,0.5],"texture":"#0"},"east":{"uv":[10,10,7.5,10.5],"texture":"#0"},"south":{"uv":[0,0,0,0.5],"texture":"#0"},"west":{"uv":[7.5,10,10,10.5],"texture":"#0"},"up":{"uv":[0,2.5,0,0],"texture":"#0"},"down":{"uv":[0,0,0,2.5],"texture":"#0"}}},{"from":[4,5,12],"to":[12,6,12],"faces":{"north":{"uv":[12,9.5,8,10],"texture":"#0"},"east":{"uv":[0,0,0,0.5],"texture":"#0"},"south":{"uv":[8,9.5,12,10],"texture":"#0"},"west":{"uv":[0,0,0,0.5],"texture":"#0"},"up":{"uv":[4,0,0,0],"texture":"#0"},"down":{"uv":[4,0,0,0],"texture":"#0"}}},{"from":[4,6,-1],"to":[12,6,4],"faces":{"north":{"uv":[0,0,4,0],"texture":"#0"},"east":{"uv":[0,0,2.5,0],"texture":"#0"},"south":{"uv":[0,0,4,0],"texture":"#0"},"west":{"uv":[0,0,2.5,0],"texture":"#0"},"up":{"uv":[11.5,2.5,7.5,0],"texture":"#0"},"down":{"uv":[11.5,0,7.5,2.5],"texture":"#0"}}},{"from":[7.5,9,8],"to":[8.5,10,8],"faces":{"north":{"uv":[10,11,10.5,11.5],"texture":"#0"},"east":{"uv":[0,0,0,1.5],"texture":"#0"},"south":{"uv":[10,11,10.5,11.5],"texture":"#0"},"west":{"uv":[0,0,0,1.5],"texture":"#0"},"up":{"uv":[0.5,0,0,0],"texture":"#0"},"down":{"uv":[0.5,0,0,0],"texture":"#0"}}},{"from":[4,10,4],"to":[12,10,12],"faces":{"north":{"uv":[0,0,3.5,0],"texture":"#0"},"east":{"uv":[0,0,4,0],"texture":"#0"},"south":{"uv":[0,0,3.5,0],"texture":"#0"},"west":{"uv":[0,0,4,0],"texture":"#0"},"up":{"uv":[16,4,12,0],"texture":"#0"},"down":{"uv":[16,0,12,4],"texture":"#0"}}}],"display":{"thirdperson_righthand":{"rotation":[75,45,0],"translation":[0,2.5,0],"scale":[0.375,0.375,0.375]},"thirdperson_lefthand":{"rotation":[75,45,0],"translation":[0,2.5,0],"scale":[0.375,0.375,0.375]},"firstperson_righthand":{"rotation":[0,0,15],"translation":[1.13,3.2,1.13],"scale":[0.68,0.68,0.68]},"firstperson_lefthand":{"rotation":[0,0,15],"translation":[1.13,3.2,1.13],"scale":[0.68,0.68,0.68]},"ground":{"translation":[0,3,0],"scale":[0.25,0.25,0.25]},"gui":{"rotation":[30,225,0],"translation":[-1.25,1,0]},"head":{"translation":[0,6.25,0],"scale":[1.81,1.81,1.81]},"fixed":{"translation":[0,2,-1],"scale":[1.3,1.3,1.3]}}}