{"credit":"Made with Blockbench","texture_size":[64,64],"textures":{"0":"hyronic:custom/cosmetics/hats/sombrero","particle":"hyronic:custom/cosmetics/hats/sombrero"},"elements":[{"from":[4,0,4],"to":[12,5,12],"faces":{"north":{"uv":[4,4,6,5.25],"texture":"#0"},"east":{"uv":[4,5.25,6,6.5],"texture":"#0"},"south":{"uv":[6,0,8,1.25],"texture":"#0"},"west":{"uv":[6,1.25,8,2.5],"texture":"#0"},"up":{"uv":[6,2,4,0],"texture":"#0"},"down":{"uv":[6,2,4,4],"texture":"#0"}}},{"from":[5,4,5],"to":[11,8,11],"faces":{"north":{"uv":[3.5,7.5,5,8.5],"texture":"#0"},"east":{"uv":[7.5,3.5,9,4.5],"texture":"#0"},"south":{"uv":[7.5,4.5,9,5.5],"texture":"#0"},"west":{"uv":[5,7.5,6.5,8.5],"texture":"#0"},"up":{"uv":[7.5,4,6,2.5],"texture":"#0"},"down":{"uv":[7.5,4,6,5.5],"texture":"#0"}}},{"from":[0,0,1],"to":[16,0,15],"faces":{"north":{"uv":[0,0,4,0],"texture":"#0"},"east":{"uv":[0,0,3.5,0],"texture":"#0"},"south":{"uv":[0,0,4,0],"texture":"#0"},"west":{"uv":[0,0,3.5,0],"texture":"#0"},"up":{"uv":[4,3.5,0,0],"texture":"#0"},"down":{"uv":[4,3.5,0,7],"texture":"#0"}}},{"from":[0,0,1],"to":[16,2,1],"faces":{"north":{"uv":[6,5.5,10,6],"texture":"#0"},"east":{"uv":[0,0,0,0.5],"texture":"#0"},"south":{"uv":[6,6,10,6.5],"texture":"#0"},"west":{"uv":[0,0,0,0.5],"texture":"#0"},"up":{"uv":[4,0,0,0],"texture":"#0"},"down":{"uv":[4,0,0,0],"texture":"#0"}}},{"from":[0,0,15],"to":[16,2,15],"faces":{"north":{"uv":[4,6.5,8,7],"texture":"#0"},"east":{"uv":[0,0,0,0.5],"texture":"#0"},"south":{"uv":[0,7,4,7.5],"texture":"#0"},"west":{"uv":[0,0,0,0.5],"texture":"#0"},"up":{"uv":[4,0,0,0],"texture":"#0"},"down":{"uv":[4,0,0,0],"texture":"#0"}}},{"from":[16,0,1],"to":[16,2,15],"faces":{"north":{"uv":[0,0,0,0.5],"texture":"#0"},"east":{"uv":[4,7,7.5,7.5],"texture":"#0"},"south":{"uv":[0,0,0,0.5],"texture":"#0"},"west":{"uv":[0,7.5,3.5,8],"texture":"#0"},"up":{"uv":[0,3.5,0,0],"texture":"#0"},"down":{"uv":[0,0,0,3.5],"texture":"#0"}}},{"from":[0,0,1],"to":[0,2,15],"faces":{"north":{"uv":[0,0,0,0.5],"texture":"#0"},"east":{"uv":[7.5,2.5,11,3],"texture":"#0"},"south":{"uv":[0,0,0,0.5],"texture":"#0"},"west":{"uv":[7.5,3,11,3.5],"texture":"#0"},"up":{"uv":[0,3.5,0,0],"texture":"#0"},"down":{"uv":[0,0,0,3.5],"texture":"#0"}}},{"from":[4,-6,5],"to":[4,0,8],"faces":{"north":{"uv":[0,0,0,1.5],"texture":"#missing"},"east":{"uv":[8.75,0,8,1.5],"texture":"#0"},"south":{"uv":[0,0,0,1.5],"texture":"#missing"},"west":{"uv":[8,0,8.75,1.5],"texture":"#0"},"up":{"uv":[0,0,0,0.75],"texture":"#missing"},"down":{"uv":[0,0,0,0.75],"texture":"#missing"}}},{"from":[12,-6,5],"to":[12,0,8],"faces":{"north":{"uv":[0,0,0,1.5],"texture":"#missing"},"east":{"uv":[8.75,0,8,1.5],"texture":"#0"},"south":{"uv":[0,0,0,1.5],"texture":"#missing"},"west":{"uv":[8,0,8.75,1.5],"texture":"#0"},"up":{"uv":[0,0,0,0.75],"texture":"#missing"},"down":{"uv":[0,0,0,0.75],"texture":"#missing"}}},{"from":[4,-6,5],"to":[12,-6,8],"faces":{"north":{"uv":[0,0,2,0],"texture":"#missing"},"east":{"uv":[0,0,0.75,0],"texture":"#missing"},"south":{"uv":[0,0,2,0],"texture":"#missing"},"west":{"uv":[0,0,0.75,0],"texture":"#missing"},"up":{"uv":[8,2.5,10,1.75],"texture":"#0"},"down":{"uv":[8,1.75,10,2.5],"texture":"#0"}}}],"display":{"thirdperson_righthand":{"rotation":[75,45,0],"translation":[0,2.5,2.25],"scale":[0.375,0.375,0.375]},"thirdperson_lefthand":{"rotation":[75,45,0],"translation":[0,2.5,2.25],"scale":[0.375,0.375,0.375]},"firstperson_righthand":{"rotation":[0,0,15],"translation":[1.13,3.2,1.13],"scale":[0.68,0.68,0.68]},"firstperson_lefthand":{"rotation":[0,0,15],"translation":[1.13,3.2,1.13],"scale":[0.68,0.68,0.68]},"ground":{"translation":[0,3,0],"scale":[0.25,0.25,0.25]},"gui":{"rotation":[30,225,0],"translation":[0,4.5,0],"scale":[0.73,0.73,0.73]},"head":{"translation":[0,16,0],"scale":[1.81,1.81,1.81]},"fixed":{"translation":[0,7.75,-1],"scale":[1.3,1.3,1.3]}}}