{
  "providers": [
    {
        "type": "space",
        "advances": {
            " ": 4
        }
    },
    {
        "type": "bitmap",
        "file": "hyronic:custom/ui/gem.png",
        "ascent": -13,
        "height": 10,
        "chars": [
            "⛂"
        ]
    },
    {
      "type": "bitmap",
      "file": "hyronic:custom/ui/ascii.png",
      "ascent": -15,
      "height": 8,
      "chars": [
          "",
          ",.",
          "0123456789",
          "@ABCDEFGHIJKLMNO",
          "PQRSTUVWXYZ",
          "`abcdefghijklmno",
          "pqrstuvwxyz",
          "",
          "",
          "",
          "",
          "",
          "",
          "",
          "",
          ""
      ]
    }
  ]
}
