{"providers":[{"file":"char/black.png","chars":[""],"height":1,"ascent":-5000,"type":"bitmap"},{"file":"char/black.png","chars":[""],"height":2,"ascent":-5000,"type":"bitmap"},{"file":"char/black.png","chars":[""],"height":3,"ascent":-5000,"type":"bitmap"},{"file":"char/black.png","chars":[""],"height":4,"ascent":-5000,"type":"bitmap"},{"file":"char/black.png","chars":[""],"height":5,"ascent":-5000,"type":"bitmap"},{"file":"char/black.png","chars":[""],"height":6,"ascent":-5000,"type":"bitmap"},{"file":"char/black.png","chars":[""],"height":7,"ascent":-5000,"type":"bitmap"},{"file":"char/black.png","chars":[""],"height":15,"ascent":-5000,"type":"bitmap"},{"file":"char/black.png","chars":[""],"height":31,"ascent":-5000,"type":"bitmap"},{"file":"char/black.png","chars":[""],"height":63,"ascent":-5000,"type":"bitmap"},{"file":"char/black.png","chars":[""],"height":127,"ascent":-5000,"type":"bitmap"},{"file":"char/black.png","chars":[""],"height":256,"ascent":-5000,"type":"bitmap"},{"file":"char/black.png","chars":[""],"height":512,"ascent":-5000,"type":"bitmap"},{"file":"char/black.png","chars":[""],"height":1024,"ascent":-5000,"type":"bitmap"},{"file":"char/black.png","chars":[""],"height":-3,"ascent":-5000,"type":"bitmap"},{"file":"char/black.png","chars":[""],"height":-4,"ascent":-5000,"type":"bitmap"},{"file":"char/black.png","chars":[""],"height":-5,"ascent":-5000,"type":"bitmap"},{"file":"char/black.png","chars":[""],"height":-6,"ascent":-5000,"type":"bitmap"},{"file":"char/black.png","chars":[""],"height":-7,"ascent":-5000,"type":"bitmap"},{"file":"char/black.png","chars":[""],"height":-8,"ascent":-5000,"type":"bitmap"},{"file":"char/black.png","chars":[""],"height":-9,"ascent":-5000,"type":"bitmap"},{"file":"char/black.png","chars":[""],"height":-10,"ascent":-5000,"type":"bitmap"},{"file":"char/black.png","chars":[""],"height":-18,"ascent":-5000,"type":"bitmap"},{"file":"char/black.png","chars":[""],"height":-34,"ascent":-5000,"type":"bitmap"},{"file":"char/black.png","chars":[""],"height":-66,"ascent":-5000,"type":"bitmap"},{"file":"char/black.png","chars":[""],"height":-130,"ascent":-5000,"type":"bitmap"},{"file":"char/black.png","chars":[""],"height":-259,"ascent":-5000,"type":"bitmap"},{"file":"char/black.png","chars":[""],"height":-515,"ascent":-5000,"type":"bitmap"},{"file":"char/black.png","chars":[""],"height":-1027,"ascent":-5000,"type":"bitmap"},{"file":"advancedenchantments:font/advancedenchantments/enchanter.png","chars":[""],"height":170,"ascent":49,"type":"bitmap"},{"file":"advancedenchantments:font/advancedenchantments/tinkerer.png","chars":[""],"height":170,"ascent":47,"type":"bitmap"},{"file":"advancedenchantments:font/advancedenchantments/alchemist.png","chars":[""],"height":170,"ascent":47,"type":"bitmap"},{"file":"hyronic:custom/icons/hyronic.png","chars":["ऄ"],"height":9,"ascent":9,"type":"bitmap"},{"file":"hyronic:custom/icons/pride.png","chars":["अ"],"height":8,"ascent":8,"type":"bitmap"},{"file":"hyronic:custom/icons/snowball.png","chars":["आ"],"height":9,"ascent":8,"type":"bitmap"},{"file":"hyronic:custom/icons/bough.png","chars":["इ"],"height":10,"ascent":9,"type":"bitmap"},{"file":"hyronic:custom/icons/clover.png","chars":["ई"],"height":10,"ascent":9,"type":"bitmap"},{"file":"hyronic:custom/icons/bell.png","chars":["उ"],"height":10,"ascent":9,"type":"bitmap"},{"file":"hyronic:custom/icons/dual_swords.png","chars":["ऊ"],"height":10,"ascent":9,"type":"bitmap"},{"file":"hyronic:custom/icons/knife.png","chars":["ऋ"],"height":12,"ascent":10,"type":"bitmap"},{"file":"hyronic:custom/icons/axe.png","chars":["ऌ"],"height":10,"ascent":9,"type":"bitmap"},{"file":"hyronic:custom/icons/shield.png","chars":["ऍ"],"height":10,"ascent":9,"type":"bitmap"},{"file":"hyronic:custom/icons/clown_hat.png","chars":["ऎ"],"height":10,"ascent":9,"type":"bitmap"},{"file":"hyronic:custom/icons/hyronium.png","chars":["ए"],"height":12,"ascent":10,"type":"bitmap"},{"file":"hyronic:custom/icons/ruby.png","chars":["ऐ"],"height":12,"ascent":10,"type":"bitmap"},{"file":"hyronic:custom/icons/diamond.png","chars":["ऑ"],"height":12,"ascent":10,"type":"bitmap"},{"file":"hyronic:custom/icons/heart.png","chars":["ऒ"],"height":12,"ascent":10,"type":"bitmap"},{"file":"hyronic:custom/ui/skyblock.png","chars":[""],"height":9,"ascent":8,"type":"bitmap"},{"file":"hyronic:custom/ui/time.png","chars":[""],"height":10,"ascent":9,"type":"bitmap"},{"file":"hyronic:custom/ui/location.png","chars":[""],"height":10,"ascent":9,"type":"bitmap"},{"file":"hyronic:custom/ui/hammer.png","chars":[""],"height":10,"ascent":9,"type":"bitmap"},{"file":"hyronic:custom/ui/gem.png","chars":["⛂"],"height":9,"ascent":8,"type":"bitmap"},{"file":"hyronic:custom/ui/present.png","chars":[""],"height":10,"ascent":8,"type":"bitmap"},{"file":"hyronic:custom/ui/hp_full.png","chars":[""],"height":9,"ascent":8,"type":"bitmap"},{"file":"hyronic:custom/ui/hp_start.png","chars":[""],"height":9,"ascent":8,"type":"bitmap"},{"file":"hyronic:custom/ui/hp_end.png","chars":[""],"height":9,"ascent":8,"type":"bitmap"},{"file":"hyronic:custom/ui/hp_bar.png","chars":[""],"height":9,"ascent":8,"type":"bitmap"},{"file":"hyronic:custom/ui/hp_bar_empty.png","chars":[""],"height":9,"ascent":8,"type":"bitmap"},{"file":"hyronic:custom/logo.png","chars":["パ"],"height":24,"ascent":11,"type":"bitmap"},{"file":"hyronic:custom/logo.png","chars":[""],"height":24,"ascent":18,"type":"bitmap"},{"file":"hyronic:custom/logo.png","chars":[""],"height":40,"ascent":11,"type":"bitmap"},{"file":"hyronic:custom/background.png","chars":[""],"height":2500,"ascent":256,"type":"bitmap"},{"file":"hyronic:custom/welcome.png","chars":[""],"height":256,"ascent":19,"type":"bitmap"},{"file":"hyronic:custom/ui/error.png","chars":["ꑚ"],"height":7,"ascent":7,"type":"bitmap"},{"file":"hyronic:custom/ui/success.png","chars":["ꑛ"],"height":7,"ascent":7,"type":"bitmap"},{"file":"hyronic:custom/ui/warn.png","chars":["ꑜ"],"height":7,"ascent":7,"type":"bitmap"},{"file":"hyronic:custom/ui/top_1.png","chars":[""],"height":10,"ascent":9,"type":"bitmap"},{"file":"hyronic:custom/ui/top_2.png","chars":[""],"height":10,"ascent":9,"type":"bitmap"},{"file":"hyronic:custom/ui/top_3.png","chars":[""],"height":10,"ascent":9,"type":"bitmap"},{"file":"hyronic:custom/ui/esc_banner.png","chars":[""],"height":256,"ascent":16,"type":"bitmap"},{"file":"hyronic:custom/ui/esc_banner_v2.png","chars":[""],"height":74,"ascent":10,"type":"bitmap"},{"file":"hyronic:custom/ui/containers/experience_exchange.png","chars":[""],"height":256,"ascent":19,"type":"bitmap"},{"file":"hyronic:custom/ui/containers/blacksmith.png","chars":[""],"height":256,"ascent":19,"type":"bitmap"},{"file":"hyronic:custom/ui/containers/blacksmith_list.png","chars":[""],"height":256,"ascent":19,"type":"bitmap"},{"file":"hyronic:custom/ui/containers/blacksmith_forging.png","chars":[""],"height":256,"ascent":19,"type":"bitmap"},{"file":"hyronic:custom/ui/containers/crate.png","chars":[""],"height":256,"ascent":19,"type":"bitmap"},{"file":"hyronic:custom/ui/containers/rewards.png","chars":[""],"height":256,"ascent":19,"type":"bitmap"},{"file":"hyronic:custom/ui/containers/online_rewards.png","chars":[""],"height":256,"ascent":19,"type":"bitmap"},{"file":"hyronic:custom/ui/containers/playtime_rewards.png","chars":[""],"height":256,"ascent":19,"type":"bitmap"},{"file":"hyronic:custom/ui/containers/enchanter.png","chars":[""],"height":256,"ascent":19,"type":"bitmap"},{"file":"hyronic:custom/ui/containers/enchantment_wiki.png","chars":[""],"height":256,"ascent":19,"type":"bitmap"},{"file":"hyronic:custom/ui/containers/cosmetic_main.png","chars":[""],"height":256,"ascent":19,"type":"bitmap"},{"file":"hyronic:custom/ui/containers/cosmetic_selector.png","chars":[""],"height":256,"ascent":19,"type":"bitmap"},{"file":"hyronic:custom/ui/containers/auction_main.png","chars":[""],"height":256,"ascent":19,"type":"bitmap"},{"file":"hyronic:custom/ui/containers/auction_player.png","chars":[""],"height":256,"ascent":19,"type":"bitmap"},{"file":"hyronic:custom/ui/containers/auction_expired.png","chars":[""],"height":256,"ascent":19,"type":"bitmap"},{"file":"hyronic:custom/ui/containers/auction_confirm.png","chars":[""],"height":256,"ascent":19,"type":"bitmap"},{"file":"hyronic:custom/ui/containers/trade.png","chars":[""],"height":256,"ascent":19,"type":"bitmap"},{"file":"hyronic:custom/ui/containers/fish_shop.png","chars":[""],"height":256,"ascent":19,"type":"bitmap"},{"file":"hyronic:custom/ui/containers/quest.png","chars":[""],"height":256,"ascent":19,"type":"bitmap"},{"file":"hyronic:custom/ui/containers/gem_shop.png","chars":[""],"height":256,"ascent":19,"type":"bitmap"},{"file":"hyronic:custom/ui/containers/gem_shop_buy.png","chars":[""],"height":256,"ascent":19,"type":"bitmap"},{"file":"hyronic:custom/ui/containers/cosmetic_crate.png","chars":[""],"height":256,"ascent":19,"type":"bitmap"},{"file":"hyronic:custom/ui/containers/gem_shop_sell.png","chars":[""],"height":256,"ascent":19,"type":"bitmap"},{"file":"hyronic:custom/ui/containers/tags.png","chars":[""],"height":256,"ascent":19,"type":"bitmap"},{"file":"hyronic:custom/ui/containers/fishy_shop.png","chars":[""],"height":256,"ascent":19,"type":"bitmap"},{"file":"hyronic:custom/ui/containers/confirm.png","chars":[""],"height":256,"ascent":19,"type":"bitmap"},{"file":"hyronic:custom/ui/containers/warp.png","chars":[""],"height":256,"ascent":19,"type":"bitmap"},{"file":"hyronic:custom/ui/containers/ranks.png","chars":[""],"height":256,"ascent":19,"type":"bitmap"},{"file":"hyronic:custom/ui/containers/island/island.png","chars":[""],"height":256,"ascent":19,"type":"bitmap"},{"file":"hyronic:custom/ui/containers/island/member.png","chars":[""],"height":256,"ascent":19,"type":"bitmap"},{"file":"hyronic:custom/ui/containers/island/permission.png","chars":[""],"height":256,"ascent":19,"type":"bitmap"},{"file":"hyronic:custom/ui/containers/island/setting.png","chars":[""],"height":256,"ascent":19,"type":"bitmap"},{"file":"hyronic:custom/ui/containers/island/top.png","chars":[""],"height":256,"ascent":19,"type":"bitmap"},{"file":"hyronic:custom/ui/containers/island/warp.png","chars":[""],"height":256,"ascent":19,"type":"bitmap"},{"file":"hyronic:custom/ui/containers/island/island_upgrade.png","chars":[""],"height":256,"ascent":19,"type":"bitmap"},{"file":"hyronic:custom/ui/containers/island/island_biomes.png","chars":[""],"height":256,"ascent":19,"type":"bitmap"},{"file":"hyronic:custom/ui/containers/island/mission.png","chars":[""],"height":256,"ascent":19,"type":"bitmap"},{"file":"hyronic:custom/ui/containers/island/member_role.png","chars":[""],"height":256,"ascent":19,"type":"bitmap"},{"file":"hyronic:custom/ui/containers/island/member_manage.png","chars":[""],"height":256,"ascent":19,"type":"bitmap"},{"file":"hyronic:custom/ui/containers/island/creation.png","chars":[""],"height":256,"ascent":19,"type":"bitmap"},{"file":"hyronic:custom/ui/containers/common/3_big_slot.png","chars":[""],"height":256,"ascent":19,"type":"bitmap"},{"file":"hyronic:custom/ui/containers/cosmetic.png","chars":[""],"height":256,"ascent":19,"type":"bitmap"},{"file":"hyronic:custom/emojis/player/boss.png","chars":["ඬ"],"height":10,"ascent":8,"type":"bitmap"},{"file":"hyronic:custom/emojis/player/confidence.png","chars":["ත"],"height":10,"ascent":8,"type":"bitmap"},{"file":"hyronic:custom/emojis/player/dislike.png","chars":["ථ"],"height":10,"ascent":8,"type":"bitmap"},{"file":"hyronic:custom/emojis/player/grin.png","chars":["ද"],"height":10,"ascent":8,"type":"bitmap"},{"file":"hyronic:custom/emojis/player/grinning.png","chars":["ධ"],"height":10,"ascent":8,"type":"bitmap"},{"file":"hyronic:custom/emojis/player/heart_eyes.png","chars":["න"],"height":10,"ascent":8,"type":"bitmap"},{"file":"hyronic:custom/emojis/player/innocent.png","chars":["඲"],"height":10,"ascent":8,"type":"bitmap"},{"file":"hyronic:custom/emojis/player/kissing.png","chars":["ඳ"],"height":10,"ascent":8,"type":"bitmap"},{"file":"hyronic:custom/emojis/player/pensive.png","chars":["ප"],"height":10,"ascent":8,"type":"bitmap"},{"file":"hyronic:custom/emojis/player/relieved.png","chars":["ඵ"],"height":10,"ascent":8,"type":"bitmap"},{"file":"hyronic:custom/emojis/player/slight_smile.png","chars":["බ"],"height":10,"ascent":8,"type":"bitmap"},{"file":"hyronic:custom/emojis/player/smile.png","chars":["භ"],"height":10,"ascent":8,"type":"bitmap"},{"file":"hyronic:custom/emojis/player/smiling_tear.png","chars":["ම"],"height":10,"ascent":8,"type":"bitmap"},{"file":"hyronic:custom/emojis/player/upside_down.png","chars":["ඹ"],"height":10,"ascent":8,"type":"bitmap"},{"file":"hyronic:custom/emojis/player/wink.png","chars":["ය"],"height":10,"ascent":8,"type":"bitmap"},{"file":"hyronic:custom/emojis/vip/blush.png","chars":["ර"],"height":10,"ascent":8,"type":"bitmap"},{"file":"hyronic:custom/emojis/vip/clown.png","chars":["඼"],"height":10,"ascent":8,"type":"bitmap"},{"file":"hyronic:custom/emojis/vip/eyes.png","chars":["ල"],"height":10,"ascent":8,"type":"bitmap"},{"file":"hyronic:custom/emojis/vip/fire.png","chars":[""],"height":10,"ascent":8,"type":"bitmap"},{"file":"hyronic:custom/emojis/vip/heart.png","chars":["඾"],"height":10,"ascent":8,"type":"bitmap"},{"file":"hyronic:custom/emojis/vip/nauseated_face.png","chars":["඿"],"height":10,"ascent":8,"type":"bitmap"},{"file":"hyronic:custom/emojis/vip/rofl.png","chars":["ව"],"height":10,"ascent":8,"type":"bitmap"},{"file":"hyronic:custom/emojis/vip/skull.png","chars":["ශ"],"height":10,"ascent":8,"type":"bitmap"},{"file":"hyronic:custom/emojis/vip/sweat_smile.png","chars":["ෂ"],"height":10,"ascent":8,"type":"bitmap"},{"file":"hyronic:custom/emojis/vip/vomiting_face.png","chars":["ස"],"height":10,"ascent":8,"type":"bitmap"},{"file":"hyronic:custom/emojis/mvp/evil.png","chars":["හ"],"height":10,"ascent":8,"type":"bitmap"},{"file":"hyronic:custom/emojis/mvp/hyronic.png","chars":["ළ"],"height":10,"ascent":8,"type":"bitmap"},{"file":"hyronic:custom/emojis/mvp/joy.png","chars":["ෆ"],"height":10,"ascent":8,"type":"bitmap"},{"file":"hyronic:custom/emojis/mvp/like.png","chars":["෇"],"height":10,"ascent":8,"type":"bitmap"},{"file":"hyronic:custom/emojis/mvp/pride.png","chars":["෈"],"height":10,"ascent":8,"type":"bitmap"},{"file":"hyronic:custom/emojis/mvp/rage.png","chars":["෉"],"height":10,"ascent":8,"type":"bitmap"},{"file":"hyronic:custom/emojis/mvp/relaxed.png","chars":["්"],"height":10,"ascent":8,"type":"bitmap"},{"file":"hyronic:custom/emojis/mvp/tada.png","chars":["෋"],"height":10,"ascent":8,"type":"bitmap"},{"file":"hyronic:custom/emojis/elite/alien.png","chars":["෌"],"height":10,"ascent":8,"type":"bitmap"},{"file":"hyronic:custom/emojis/elite/bug_eyed.png","chars":["෍"],"height":10,"ascent":8,"type":"bitmap"},{"file":"hyronic:custom/emojis/elite/pray.png","chars":["෎"],"height":10,"ascent":8,"type":"bitmap"},{"file":"hyronic:custom/emojis/elite/star.png","chars":["ා"],"height":10,"ascent":8,"type":"bitmap"},{"file":"hyronic:custom/ui/containers/profile.png","chars":[""],"height":256,"ascent":19,"type":"bitmap"},{"file":"effects:fullscreen.png","chars":[""],"height":2048,"ascent":256,"type":"bitmap"},{"file":"effects:fullscreen_transparent.png","chars":[""],"height":2048,"ascent":256,"type":"bitmap"},{"file":"hyronic:custom/ui/labels/npcs/gem_shop.png","chars":["৘"],"height":10,"ascent":7,"type":"bitmap"},{"file":"hyronic:custom/ui/labels/npcs/exp_exchange.png","chars":["৙"],"height":10,"ascent":7,"type":"bitmap"},{"file":"hyronic:custom/ui/labels/npcs/enchanter.png","chars":["৚"],"height":10,"ascent":7,"type":"bitmap"},{"file":"hyronic:custom/ui/labels/npcs/blacksmith.png","chars":["৛"],"height":10,"ascent":7,"type":"bitmap"},{"file":"hyronic:custom/ui/labels/npcs/daily_quest.png","chars":["ড়"],"height":10,"ascent":7,"type":"bitmap"},{"file":"hyronic:custom/ui/labels/npcs/rewards.png","chars":["ঢ়"],"height":10,"ascent":7,"type":"bitmap"},{"file":"hyronic:custom/ui/avatars/rumble.png","chars":[""],"height":46,"ascent":9,"type":"bitmap"},{"file":"hyronic:custom/ui/avatars/soma.png","chars":[""],"height":46,"ascent":9,"type":"bitmap"},{"file":"hyronic:custom/ui/avatars/daisy.png","chars":[""],"height":46,"ascent":9,"type":"bitmap"},{"file":"hyronic:custom/ui/avatars/tristina.png","chars":[""],"height":46,"ascent":9,"type":"bitmap"},{"file":"hyronic:custom/ui/avatars/vivian.png","chars":[""],"height":46,"ascent":9,"type":"bitmap"},{"file":"hyronic:custom/ui/avatars/frogger.png","chars":[""],"height":46,"ascent":9,"type":"bitmap"},{"file":"hyronic:custom/ui/avatars/nodamus.png","chars":[""],"height":46,"ascent":9,"type":"bitmap"},{"file":"hyronic:custom/ui/avatars/dustin.png","chars":[""],"height":46,"ascent":9,"type":"bitmap"},{"file":"hyronic:custom/ui/avatars/fishy.png","chars":[""],"height":46,"ascent":9,"type":"bitmap"},{"file":"hyronic:custom/ui/avatars/soma.png","chars":[""],"height":38,"ascent":9,"type":"bitmap"},{"file":"hyronic:custom/ui/avatars/jarvis.png","chars":[""],"height":38,"ascent":9,"type":"bitmap"},{"file":"hyronic:custom/ui/avatars/abigail.png","chars":[""],"height":46,"ascent":9,"type":"bitmap"},{"file":"hyronic:custom/ui/labels/ranks/player.png","chars":["ৄ"],"height":14,"ascent":7,"type":"bitmap"},{"file":"hyronic:custom/ui/labels/ranks/vip.png","chars":["৅"],"height":14,"ascent":7,"type":"bitmap"},{"file":"hyronic:custom/ui/labels/ranks/mvp.png","chars":["৆"],"height":14,"ascent":7,"type":"bitmap"},{"file":"hyronic:custom/ui/labels/ranks/elite.png","chars":["ে"],"height":14,"ascent":7,"type":"bitmap"},{"file":"hyronic:custom/ui/labels/ranks/moderator.png","chars":["ৈ"],"height":14,"ascent":7,"type":"bitmap"},{"file":"hyronic:custom/ui/labels/ranks/admin.png","chars":["৉"],"height":14,"ascent":7,"type":"bitmap"},{"file":"hyronic:custom/ui/labels/ranks/owner.png","chars":["৻"],"height":14,"ascent":7,"type":"bitmap"},{"file":"hyronic:custom/ui/labels/common.png","chars":["৊"],"height":14,"ascent":7,"type":"bitmap"},{"file":"hyronic:custom/ui/labels/rare.png","chars":["ো"],"height":14,"ascent":7,"type":"bitmap"},{"file":"hyronic:custom/ui/labels/epic.png","chars":["ৌ"],"height":14,"ascent":7,"type":"bitmap"},{"file":"hyronic:custom/ui/labels/legendary.png","chars":["্"],"height":14,"ascent":7,"type":"bitmap"},{"file":"hyronic:custom/ui/labels/exclusive.png","chars":["ৎ"],"height":14,"ascent":7,"type":"bitmap"},{"file":"hyronic:custom/ui/labels/top/island_level.png","chars":[""],"height":14,"ascent":7,"type":"bitmap"},{"file":"hyronic:custom/ui/labels/top/kills.png","chars":[""],"height":14,"ascent":7,"type":"bitmap"},{"file":"hyronic:custom/ui/labels/top/gem_balance.png","chars":[""],"height":14,"ascent":7,"type":"bitmap"},{"file":"hyronic:custom/ui/labels/top/playtime.png","chars":[""],"height":14,"ascent":7,"type":"bitmap"},{"file":"hyronic:custom/ui/labels/top/quest_streak.png","chars":[""],"height":14,"ascent":7,"type":"bitmap"},{"file":"hyronic:custom/ui/labels/island.png","chars":["৏"],"height":14,"ascent":7,"type":"bitmap"},{"file":"hyronic:custom/null.png","chars":[""],"height":-1,"ascent":-32768,"type":"bitmap"},{"file":"hyronic:custom/null.png","chars":[""],"height":1,"ascent":-32768,"type":"bitmap"},{"file":"hyronic:custom/null.png","chars":[""],"height":2,"ascent":-32768,"type":"bitmap"},{"file":"hyronic:custom/null.png","chars":[""],"height":6,"ascent":-32768,"type":"bitmap"},{"file":"hyronic:custom/null.png","chars":[""],"height":14,"ascent":-32768,"type":"bitmap"},{"file":"hyronic:custom/null.png","chars":[""],"height":30,"ascent":-32768,"type":"bitmap"},{"file":"hyronic:custom/null.png","chars":[""],"height":62,"ascent":-32768,"type":"bitmap"},{"file":"hyronic:custom/null.png","chars":[""],"height":126,"ascent":-32768,"type":"bitmap"},{"file":"hyronic:custom/null.png","chars":[""],"height":254,"ascent":-32768,"type":"bitmap"},{"file":"hyronic:custom/null.png","chars":[""],"height":510,"ascent":-32768,"type":"bitmap"},{"file":"hyronic:custom/null.png","chars":[""],"height":1022,"ascent":-32768,"type":"bitmap"},{"file":"hyronic:custom/null.png","chars":[""],"height":-3,"ascent":-32768,"type":"bitmap"},{"file":"hyronic:custom/null.png","chars":[""],"height":-4,"ascent":-32768,"type":"bitmap"},{"file":"hyronic:custom/null.png","chars":[""],"height":-6,"ascent":-32768,"type":"bitmap"},{"file":"hyronic:custom/null.png","chars":[""],"height":-9,"ascent":-32768,"type":"bitmap"},{"file":"hyronic:custom/null.png","chars":[""],"height":-18,"ascent":-32768,"type":"bitmap"},{"file":"hyronic:custom/null.png","chars":[""],"height":-34,"ascent":-32768,"type":"bitmap"},{"file":"hyronic:custom/null.png","chars":[""],"height":-66,"ascent":-32768,"type":"bitmap"},{"file":"hyronic:custom/null.png","chars":[""],"height":-130,"ascent":-32768,"type":"bitmap"},{"file":"hyronic:custom/null.png","chars":[""],"height":-178,"ascent":-32768,"type":"bitmap"},{"file":"hyronic:custom/null.png","chars":[""],"height":-258,"ascent":-32768,"type":"bitmap"},{"file":"hyronic:custom/null.png","chars":[""],"height":-514,"ascent":-32768,"type":"bitmap"},{"file":"hyronic:custom/null.png","chars":[""],"height":-1026,"ascent":-32768,"type":"bitmap"},{"file":"_iainternal:gui/no_recipe.png","chars":[""],"height":170,"ascent":47,"type":"bitmap"},{"file":"_iainternal:gui/crafting.png","chars":[""],"height":170,"ascent":47,"type":"bitmap"},{"file":"_iainternal:gui/cooking.png","chars":[""],"height":170,"ascent":47,"type":"bitmap"},{"file":"_iainternal:gui/blank_menu.png","chars":[""],"height":170,"ascent":47,"type":"bitmap"},{"file":"_iainternal:gui/anvil_repair.png","chars":[""],"height":170,"ascent":47,"type":"bitmap"},{"file":"_iainternal:gui/smithing.png","chars":[""],"height":170,"ascent":47,"type":"bitmap"},{"file":"hyronic:custom/ui/abilities/assassins_instince.png","chars":["ל"],"height":10,"ascent":9,"type":"bitmap"},{"file":"hyronic:custom/ui/abilities/hellfire_spread.png","chars":["ם"],"height":10,"ascent":9,"type":"bitmap"},{"file":"hyronic:custom/ui/abilities/frozen_smash.png","chars":["מ"],"height":10,"ascent":9,"type":"bitmap"}]}