{"parent":"minecraft:item/generated","textures":{"layer0":"minecraft:item/book"},"overrides":[{"predicate":{"custom_model_data":1},"model":"hyronic:ia_auto_gen/quest_easy"},{"predicate":{"custom_model_data":2},"model":"hyronic:ia_auto_gen/quest_medium"},{"predicate":{"custom_model_data":3},"model":"hyronic:ia_auto_gen/quest_hard"},{"predicate":{"custom_model_data":500},"model":"advancedenchantments:ia_auto_gen/ae_simple_book"},{"predicate":{"custom_model_data":501},"model":"advancedenchantments:ia_auto_gen/ae_unique_book"},{"predicate":{"custom_model_data":502},"model":"advancedenchantments:ia_auto_gen/ae_elite_book"},{"predicate":{"custom_model_data":503},"model":"advancedenchantments:ia_auto_gen/ae_ultimate_book"},{"predicate":{"custom_model_data":504},"model":"advancedenchantments:ia_auto_gen/ae_legend_book"},{"predicate":{"custom_model_data":505},"model":"advancedenchantments:ia_auto_gen/ae_fabled_book"},{"predicate":{"custom_model_data":506},"model":"item/book"}]}