{"parent":"minecraft:item/generated","textures":{"layer0":"minecraft:item/copper_ingot"},"overrides":[{"predicate":{"custom_model_data":1},"model":"hyronic:custom/cosmetics/hats/crown_hat"},{"predicate":{"custom_model_data":2},"model":"hyronic:custom/cosmetics/hats/bear_helmet"},{"predicate":{"custom_model_data":3},"model":"hyronic:custom/cosmetics/hats/cowboy_hat"},{"predicate":{"custom_model_data":4},"model":"hyronic:custom/cosmetics/hats/elf_hat"},{"predicate":{"custom_model_data":5},"model":"hyronic:custom/cosmetics/hats/mushroom_hat"},{"predicate":{"custom_model_data":6},"model":"hyronic:custom/cosmetics/hats/propeller_hat"},{"predicate":{"custom_model_data":7},"model":"hyronic:custom/cosmetics/hats/safety_helmet"},{"predicate":{"custom_model_data":8},"model":"hyronic:custom/cosmetics/hats/sombrero"},{"predicate":{"custom_model_data":9},"model":"hyronic:custom/cosmetics/hats/stalker_gas_mask"},{"predicate":{"custom_model_data":10},"model":"hyronic:custom/cosmetics/hats/straw_hat"},{"predicate":{"custom_model_data":11},"model":"hyronic:custom/cosmetics/hats/tall_top_hat"},{"predicate":{"custom_model_data":12},"model":"hyronic:custom/cosmetics/hats/top_hat"},{"predicate":{"custom_model_data":13},"model":"hyronic:custom/cosmetics/hats/new_year_2023_hat"},{"predicate":{"custom_model_data":14},"model":"hyronic:custom/cosmetics/hats/wolf_helmet"},{"predicate":{"custom_model_data":15},"model":"hyronic:custom/cosmetics/hats/teddy_head"},{"predicate":{"custom_model_data":16},"model":"hyronic:custom/cosmetics/hats/box_head"},{"predicate":{"custom_model_data":17},"model":"hyronic:custom/cosmetics/hats/book_head"},{"predicate":{"custom_model_data":18},"model":"hyronic:custom/cosmetics/hats/bunny_ear"},{"predicate":{"custom_model_data":19},"model":"hyronic:custom/cosmetics/hats/frog_head"},{"predicate":{"custom_model_data":20},"model":"hyronic:custom/cosmetics/hats/dino_helmet"},{"predicate":{"custom_model_data":201},"model":"hyronic:custom/cosmetics/backpacks/new_year_2023_bag"},{"predicate":{"custom_model_data":202},"model":"hyronic:custom/cosmetics/backpacks/wolf_tail"},{"predicate":{"custom_model_data":203},"model":"hyronic:custom/cosmetics/backpacks/dino_backpack"},{"predicate":{"custom_model_data":301},"model":"hyronic:custom/cosmetics/offhands/wolf_claw"},{"predicate":{"custom_model_data":302},"model":"item/copper_ingot"}]}