{"parent":"minecraft:item/generated","textures":{"layer0":"minecraft:item/gold_nugget"},"overrides":[{"predicate":{"custom_model_data":509},"model":"advancedenchantments:advancedenchantments/air"},{"predicate":{"custom_model_data":510},"model":"advancedenchantments:advancedenchantments/confirm"},{"predicate":{"custom_model_data":511},"model":"advancedenchantments:advancedenchantments/unconfirm"},{"predicate":{"custom_model_data":512},"model":"advancedenchantments:advancedenchantments/confirm2"},{"predicate":{"custom_model_data":513},"model":"advancedenchantments:advancedenchantments/unconfirm2"},{"predicate":{"custom_model_data":514},"model":"item/gold_nugget"}]}