{"parent":"item/generated","textures":{"layer0":"item/leather_helmet","layer1":"item/leather_helmet_overlay"},"overrides":[{"predicate":{"custom_model_data":1},"model":"hyronic:ia_auto_gen/gilded_netherite_helmet"},{"predicate":{"custom_model_data":2},"model":"hyronic:ia_auto_gen/soul_netherite_helmet"},{"predicate":{"custom_model_data":3},"model":"hyronic:ia_auto_gen/warden_helmet"},{"predicate":{"custom_model_data":4},"model":"hyronic:ia_auto_gen/ice_helmet"},{"predicate":{"custom_model_data":5},"model":"item/leather_helmet"}]}