{"parent":"item/generated","textures":{"layer0":"item/leather_leggings","layer1":"item/leather_leggings_overlay"},"overrides":[{"predicate":{"custom_model_data":1},"model":"hyronic:ia_auto_gen/gilded_netherite_leggings"},{"predicate":{"custom_model_data":2},"model":"hyronic:ia_auto_gen/soul_netherite_leggings"},{"predicate":{"custom_model_data":3},"model":"hyronic:ia_auto_gen/warden_leggings"},{"predicate":{"custom_model_data":4},"model":"hyronic:ia_auto_gen/ice_leggings"},{"predicate":{"custom_model_data":5},"model":"item/leather_leggings"}]}