{"parent":"item/generated","textures":{"layer0":"item/leather_boots","layer1":"item/leather_boots_overlay"},"overrides":[{"predicate":{"custom_model_data":1},"model":"hyronic:ia_auto_gen/gilded_netherite_boots"},{"predicate":{"custom_model_data":2},"model":"hyronic:ia_auto_gen/soul_netherite_boots"},{"predicate":{"custom_model_data":3},"model":"hyronic:ia_auto_gen/warden_boots"},{"predicate":{"custom_model_data":4},"model":"hyronic:ia_auto_gen/ice_boots"},{"predicate":{"custom_model_data":503},"model":"hyronic:ia_auto_gen/flying_boots"},{"predicate":{"custom_model_data":504},"model":"item/leather_boots"}]}