{"parent":"item/generated","textures":{"layer0":"item/leather_chestplate","layer1":"item/leather_chestplate_overlay"},"overrides":[{"predicate":{"custom_model_data":1},"model":"hyronic:ia_auto_gen/gilded_netherite_chestplate"},{"predicate":{"custom_model_data":2},"model":"hyronic:ia_auto_gen/soul_netherite_chestplate"},{"predicate":{"custom_model_data":3},"model":"hyronic:ia_auto_gen/warden_chestplate"},{"predicate":{"custom_model_data":4},"model":"hyronic:ia_auto_gen/ice_chestplate"},{"predicate":{"custom_model_data":5},"model":"item/leather_chestplate"}]}