{"parent":"minecraft:item/handheld","textures":{"layer0":"minecraft:item/netherite_shovel"},"overrides":[{"predicate":{"custom_model_data":1},"model":"hyronic:ia_auto_gen/gilded_netherite_shovel"},{"predicate":{"custom_model_data":2},"model":"hyronic:ia_auto_gen/soul_netherite_shovel"},{"predicate":{"custom_model_data":3},"model":"hyronic:ia_auto_gen/warden_shovel"},{"predicate":{"custom_model_data":4},"model":"hyronic:ia_auto_gen/ice_shovel"},{"predicate":{"custom_model_data":5},"model":"item/netherite_shovel"}]}