{"parent":"minecraft:item/generated","textures":{"layer0":"minecraft:item/paper"},"overrides":[{"predicate":{"custom_model_data":200},"model":"hyronic:ia_auto_gen/gem_ore"},{"predicate":{"custom_model_data":201},"model":"hyronic:ia_auto_gen/gem_ingot"},{"predicate":{"custom_model_data":202},"model":"hyronic:ia_auto_gen/ruby_ore"},{"predicate":{"custom_model_data":203},"model":"hyronic:ia_auto_gen/ruby_ingot"},{"predicate":{"custom_model_data":204},"model":"hyronic:ia_auto_gen/hyronium_ore"},{"predicate":{"custom_model_data":205},"model":"hyronic:ia_auto_gen/hyronium_ingot"},{"predicate":{"custom_model_data":206},"model":"hyronic:ia_auto_gen/topaz_ore"},{"predicate":{"custom_model_data":207},"model":"hyronic:ia_auto_gen/topaz_ingot"},{"predicate":{"custom_model_data":208},"model":"_iainternal:ia_auto_gen/icon_left_blue"},{"predicate":{"custom_model_data":209},"model":"_iainternal:ia_auto_gen/icon_right_blue"},{"predicate":{"custom_model_data":210},"model":"_iainternal:ia_auto_gen/icon_search"},{"predicate":{"custom_model_data":211},"model":"_iainternal:ia_auto_gen/icon_cancel"},{"predicate":{"custom_model_data":212},"model":"_iainternal:ia_auto_gen/icon_arrow_chest"},{"predicate":{"custom_model_data":213},"model":"_iainternal:ia_auto_gen/icon_back_orange"},{"predicate":{"custom_model_data":214},"model":"_iainternal:ia_auto_gen/icon_next_orange"},{"predicate":{"custom_model_data":500},"model":"hyronic:ia_auto_gen/totem_of_keeping"},{"predicate":{"custom_model_data":501},"model":"hyronic:ia_auto_gen/experience_bottle"},{"predicate":{"custom_model_data":504},"model":"hyronic:ia_auto_gen/cosmetic_key"},{"predicate":{"custom_model_data":505},"model":"hyronic:ia_auto_gen/relic_key"},{"predicate":{"custom_model_data":506},"model":"hyronic:ia_auto_gen/daily_key"},{"predicate":{"custom_model_data":507},"model":"hyronic:ia_auto_gen/lucky_clover"},{"predicate":{"custom_model_data":508},"model":"hyronic:ia_auto_gen/blue_shiny_pearl"},{"predicate":{"custom_model_data":600},"model":"hyronic:ia_auto_gen/gilded_netherite_ingot"},{"predicate":{"custom_model_data":601},"model":"hyronic:ia_auto_gen/soul_netherite_ingot"},{"predicate":{"custom_model_data":602},"model":"hyronic:ia_auto_gen/warden_ingot"},{"predicate":{"custom_model_data":603},"model":"hyronic:ia_auto_gen/ice_star"},{"predicate":{"custom_model_data":700},"model":"hyronic:ia_auto_gen/empty_armor"},{"predicate":{"custom_model_data":701},"model":"hyronic:ia_auto_gen/empty_backpack"},{"predicate":{"custom_model_data":702},"model":"hyronic:ia_auto_gen/empty_boots"},{"predicate":{"custom_model_data":703},"model":"hyronic:ia_auto_gen/empty_handheld"},{"predicate":{"custom_model_data":704},"model":"hyronic:ia_auto_gen/empty_hat"},{"predicate":{"custom_model_data":705},"model":"hyronic:ia_auto_gen/empty_helmet"},{"predicate":{"custom_model_data":706},"model":"hyronic:ia_auto_gen/empty_leggings"},{"predicate":{"custom_model_data":707},"model":"hyronic:ia_auto_gen/empty_mainhand"},{"predicate":{"custom_model_data":708},"model":"hyronic:ia_auto_gen/empty_offhand"},{"predicate":{"custom_model_data":1000},"model":"hyronic:ia_auto_gen/piglin_coin"},{"predicate":{"custom_model_data":1001},"model":"hyronic:ia_auto_gen/blaze_heart"},{"predicate":{"custom_model_data":1002},"model":"hyronic:ia_auto_gen/spawner_fragment"},{"predicate":{"custom_model_data":9997},"model":"hyronic:ia_auto_gen/trade_status"},{"predicate":{"custom_model_data":9998},"model":"hyronic:ia_auto_gen/trade_gem"},{"predicate":{"custom_model_data":9999},"model":"hyronic:ia_auto_gen/empty"},{"predicate":{"custom_model_data":10000},"model":"item/paper"}]}