{
    "gui_light": "front",
    "textures": {
        "particle": "block/soul_sand"
    },
    "overrides": [
        {
            "predicate": {
                "custom_model_data": 1
            },
            "model": "item/player_head"
        },
        {
            "predicate": {
                "custom_model_data": 2
            },
            "model": "ui/avatar_profile"
        },
        {
            "predicate": {
                "custom_model_data": 3
            },
            "model": "ui/island"
        },
        {
            "predicate": {
                "custom_model_data": 4
            },
            "model": "ui/profile"
        }
    ],
    "display": {
        "ground": {
            "rotation": [
                0,
                0,
                0
            ],
            "scale": [
                0.5,
                0.5,
                0.5
            ],
            "translation": [
                0,
                3,
                0
            ]
        },
        "thirdperson_righthand": {
            "rotation": [
                45,
                45,
                0
            ],
            "scale": [
                0.5,
                0.5,
                0.5
            ],
            "translation": [
                0,
                3,
                0
            ]
        },
        "firstperson_lefthand": {
            "rotation": [
                70,
                180,
                0
            ],
            "scale": [
                0,
                0,
                0
            ],
            "translation": [
                -6,
                3,
                29.5
            ]
        },
        "thirdperson_lefthand": {
            "rotation": [
                70,
                180,
                0
            ],
            "scale": [
                2.7,
                2.7,
                2.7
            ],
            "translation": [
                -6,
                3,
                29.5
            ]
        },
        "fixed": {
            "rotation": [
                0,
                180,
                0
            ],
            "scale": [
                1,
                1,
                1
            ],
            "translation": [
                0,
                4,
                0
            ]
        },
        "gui": {
            "rotation": [
                15,
                45,
                0
            ],
            "scale": [
                1,
                1,
                1
            ],
            "translation": [
                0,
                4,
                0
            ]
        }
    },
    "parent": "builtin/entity"
}