{"sources":[{"type":"single","resource":"hyronic:custom/ui/quest_easy"},{"type":"single","resource":"hyronic:custom/minerals/topaz_ore"},{"type":"single","resource":"advancedenchantments:advancedenchantments/simple_book"},{"type":"single","resource":"hyronic:custom/sets/soul_netherite/soul_netherite_axe"},{"type":"single","resource":"hyronic:custom/cosmetics/backpacks/wolf_tail"},{"type":"single","resource":"hyronic:custom/cosmetics/hats/dino_helmet"},{"type":"single","resource":"hyronic:custom/minerals/gem"},{"type":"single","resource":"hyronic:custom/items/weapons/hellfire_blade"},{"type":"single","resource":"hyronic:custom/cosmetics/hats/mushroom_hat"},{"type":"single","resource":"advancedenchantments:advancedenchantments/confirm"},{"type":"single","resource":"hyronic:custom/ui/trade_gem"},{"type":"single","resource":"_iainternal:icons/icon_left_blue"},{"type":"single","resource":"hyronic:custom/ui/icon_locked"},{"type":"single","resource":"advancedenchantments:advancedenchantments/elite_book"},{"type":"single","resource":"hyronic:custom/cosmetics/hats/stalker_gas_mask"},{"type":"single","resource":"hyronic:custom/cosmetics/hats/wolf_helmet"},{"type":"single","resource":"hyronic:custom/ui/quest_hard"},{"type":"single","resource":"hyronic:custom/sets/warden/warden_boots"},{"type":"single","resource":"hyronic:custom/items/flying_boots"},{"type":"single","resource":"hyronic:custom/items/weapons/grand_jade_blade"},{"type":"single","resource":"hyronic:custom/cosmetics/hats/straw_hat"},{"type":"single","resource":"hyronic:custom/cosmetics/hats/bear_hat"},{"type":"single","resource":"hyronic:custom/fish/blue_shiny_pearl"},{"type":"single","resource":"hyronic:custom/sets/gilded_netherite/gilded_netherite_hoe"},{"type":"single","resource":"hyronic:custom/sets/gilded_netherite/gilded_netherite_bow_pulling_0"},{"type":"single","resource":"hyronic:custom/sets/gilded_netherite/gilded_netherite_bow_pulling_1"},{"type":"single","resource":"_iainternal:icons/icon_next_orange"},{"type":"single","resource":"hyronic:custom/sets/gilded_netherite/gilded_netherite_bow_pulling_2"},{"type":"single","resource":"hyronic:custom/sets/ice/ice_axe"},{"type":"single","resource":"hyronic:custom/ui/profile/offhand"},{"type":"single","resource":"hyronic:custom/sets/soul_netherite/soul_netherite_helmet"},{"type":"single","resource":"hyronic:custom/items/cosmetic_key"},{"type":"single","resource":"hyronic:custom/minerals/ruby_ingot"},{"type":"single","resource":"hyronic:custom/sets/gilded_netherite/gilded_netherite_shovel"},{"type":"single","resource":"hyronic:custom/sets/warden/warden_bow"},{"type":"single","resource":"hyronic:custom/minerals/ruby_ore"},{"type":"single","resource":"advancedenchantments:advancedenchantments/unconfirm2"},{"type":"single","resource":"hyronic:custom/cosmetics/hats/sombrero"},{"type":"single","resource":"advancedenchantments:advancedenchantments/ultimate_book"},{"type":"single","resource":"hyronic:custom/fish/good_float"},{"type":"single","resource":"hyronic:custom/ui/trade_status"},{"type":"single","resource":"hyronic:custom/sets/warden/warden_ingot"},{"type":"single","resource":"hyronic:custom/cosmetics/hats/propeller_hat"},{"type":"single","resource":"hyronic:custom/fish/magic_float"},{"type":"single","resource":"hyronic:custom/sets/ice/ice_boots"},{"type":"single","resource":"hyronic:custom/sets/soul_netherite/soul_netherite_bow"},{"type":"single","resource":"hyronic:custom/items/lucky_clover"},{"type":"single","resource":"hyronic:custom/sets/warden/warden_shovel"},{"type":"single","resource":"advancedenchantments:advancedenchantments/air"},{"type":"single","resource":"hyronic:custom/minerals/hyronium_ore"},{"type":"single","resource":"_iainternal:icons/icon_cancel"},{"type":"single","resource":"hyronic:custom/ui/profile/backpack"},{"type":"single","resource":"hyronic:custom/items/weapons/light_dagger"},{"type":"single","resource":"hyronic:cosmetics/hats/top_hat"},{"type":"single","resource":"_iainternal:icons/icon_arrow_chest"},{"type":"single","resource":"hyronic:custom/ui/profile/helmet"},{"type":"single","resource":"advancedenchantments:advancedenchantments/fabled_book"},{"type":"single","resource":"advancedenchantments:advancedenchantments/legend_book"},{"type":"single","resource":"hyronic:custom/sets/gilded_netherite/gilded_netherite_helmet"},{"type":"single","resource":"hyronic:custom/sets/warden/warden_leggings"},{"type":"single","resource":"hyronic:custom/ui/profile/armor"},{"type":"single","resource":"hyronic:custom/items/experience_bottle"},{"type":"single","resource":"hyronic:custom/sets/soul_netherite/soul_netherite_shovel"},{"type":"single","resource":"hyronic:custom/items/invisible_shears"},{"type":"single","resource":"hyronic:custom/sets/warden/warden_helmet"},{"type":"single","resource":"hyronic:custom/sets/warden/warden_sword"},{"type":"single","resource":"hyronic:custom/sets/warden/warden_axe"},{"type":"single","resource":"hyronic:custom/sets/ice/ice_hoe"},{"type":"single","resource":"hyronic:custom/minerals/hyronium_ingot"},{"type":"single","resource":"advancedenchantments:advancedenchantments/unconfirm"},{"type":"single","resource":"hyronic:custom/cosmetics/hats/bunny_ear"},{"type":"single","resource":"hyronic:custom/ui/profile/leggings"},{"type":"single","resource":"hyronic:custom/ui/icon_exclusive"},{"type":"single","resource":"hyronic:custom/minerals/topaz_ingot"},{"type":"single","resource":"hyronic:custom/cosmetics/hats/box"},{"type":"single","resource":"hyronic:custom/sets/ice/ice_sword"},{"type":"single","resource":"hyronic:custom/sets/soul_netherite/soul_netherite_leggings"},{"type":"single","resource":"hyronic:custom/sets/gilded_netherite/gilded_netherite_bow"},{"type":"single","resource":"hyronic:custom/cosmetics/backpacks/new_year_2023_bag"},{"type":"single","resource":"hyronic:custom/sets/soul_netherite/soul_netherite_bow_pulling_1"},{"type":"single","resource":"hyronic:custom/sets/ice/ice_chestplate"},{"type":"single","resource":"hyronic:custom/sets/soul_netherite/soul_netherite_bow_pulling_2"},{"type":"single","resource":"hyronic:custom/cosmetics/offhands/wolf_claw"},{"type":"single","resource":"hyronic:custom/sets/soul_netherite/soul_netherite_bow_pulling_0"},{"type":"single","resource":"hyronic:custom/ui/quest_medium"},{"type":"single","resource":"hyronic:custom/sets/soul_netherite/soul_netherite_ingot"},{"type":"single","resource":"hyronic:custom/items/totem_of_keeping"},{"type":"single","resource":"hyronic:custom/fish/basic_float"},{"type":"single","resource":"hyronic:custom/sets/soul_netherite/soul_netherite_chestplate"},{"type":"single","resource":"hyronic:custom/cosmetics/hats/elf_hat"},{"type":"single","resource":"hyronic:custom/sets/warden/warden_hoe"},{"type":"single","resource":"advancedenchantments:advancedenchantments/confirm2"},{"type":"single","resource":"hyronic:custom/cosmetics/backpacks/dino_backpack"},{"type":"single","resource":"hyronic:custom/sets/gilded_netherite/gilded_netherite_leggings"},{"type":"single","resource":"hyronic:custom/ui/icon_free"},{"type":"single","resource":"hyronic:custom/items/weapons/icy_blue_hammer"},{"type":"single","resource":"hyronic:custom/sets/soul_netherite/soul_netherite_boots"},{"type":"single","resource":"hyronic:custom/empty"},{"type":"single","resource":"hyronic:custom/minerals/gem_ore"},{"type":"single","resource":"hyronic:custom/ui/icon_paid"},{"type":"single","resource":"hyronic:custom/sets/gilded_netherite/gilded_netherite_pickaxe"},{"type":"single","resource":"hyronic:custom/sets/ice/ice_pickaxe"},{"type":"single","resource":"hyronic:custom/sets/gilded_netherite/gilded_netherite_sword"},{"type":"single","resource":"hyronic:custom/cosmetics/hats/crown_hat"},{"type":"single","resource":"hyronic:custom/items/piglin_coin"},{"type":"single","resource":"hyronic:custom/sets/ice/ice_leggings"},{"type":"single","resource":"hyronic:custom/sets/warden/warden_pickaxe"},{"type":"single","resource":"hyronic:custom/sets/warden/warden_chestplate"},{"type":"single","resource":"hyronic:custom/fish/strings_worm"},{"type":"single","resource":"hyronic:custom/sets/warden/warden_bow_pulling_0"},{"type":"single","resource":"hyronic:custom/sets/warden/warden_bow_pulling_1"},{"type":"single","resource":"hyronic:custom/sets/ice/ice_shovel"},{"type":"single","resource":"hyronic:custom/sets/warden/warden_bow_pulling_2"},{"type":"single","resource":"hyronic:custom/ui/profile/mainhand"},{"type":"single","resource":"hyronic:custom/sets/gilded_netherite/gilded_netherite_axe"},{"type":"single","resource":"hyronic:custom/sets/soul_netherite/soul_netherite_hoe"},{"type":"single","resource":"hyronic:custom/cosmetics/hats/cowboy_hat"},{"type":"single","resource":"hyronic:custom/items/spawner_fragment"},{"type":"single","resource":"_iainternal:icons/icon_back_orange"},{"type":"single","resource":"hyronic:custom/sets/soul_netherite/soul_netherite_sword"},{"type":"single","resource":"hyronic:custom/ui/profile/hat"},{"type":"single","resource":"hyronic:custom/ui/profile/handheld"},{"type":"single","resource":"advancedenchantments:advancedenchantments/unique_book"},{"type":"single","resource":"hyronic:custom/items/blaze_heart"},{"type":"single","resource":"hyronic:custom/sets/soul_netherite/soul_netherite_pickaxe"},{"type":"single","resource":"hyronic:custom/cosmetics/hats/tall_top_hat"},{"type":"single","resource":"hyronic:custom/cosmetics/hats/frog_head"},{"type":"single","resource":"_iainternal:icons/icon_search"},{"type":"single","resource":"hyronic:custom/ui/profile/boots"},{"type":"single","resource":"_iainternal:icons/icon_right_blue"},{"type":"single","resource":"hyronic:custom/cosmetics/hats/new_year_2023_hat"},{"type":"single","resource":"hyronic:custom/sets/gilded_netherite/gilded_netherite_chestplate"},{"type":"single","resource":"hyronic:custom/sets/gilded_netherite/gilded_netherite_boots"},{"type":"single","resource":"hyronic:custom/cosmetics/hats/book_head"},{"type":"single","resource":"hyronic:custom/cosmetics/hats/safety_helmet"},{"type":"single","resource":"hyronic:custom/sets/ice/ice_star"},{"type":"single","resource":"hyronic:custom/cosmetics/hats/teddy_head"},{"type":"single","resource":"hyronic:custom/sets/gilded_netherite/gilded_netherite_ingot"},{"type":"single","resource":"hyronic:custom/sets/ice/ice_helmet"},{"type":"single","resource":"hyronic:custom/items/daily_key"},{"type":"single","resource":"hyronic:custom/items/relic_key"}]}